Date,SOROS FUND MANAGEMENT LLC,PAULSON & CO.INC. ,TIGER GLOBAL MANAGEMENT LLC,BERKSHIRE HATHAWAY INC
2015-03-02,,,,
2015-03-03,-0.0012655075190809,-0.0049805193303235,-0.000495532314771,-0.0065686697777341
2015-03-04,0.0022299125472557,0.0032412804609494,-0.0025339767732336,0.0042130191614917
2015-03-05,0.004016001641246,0.0040760527388379,0.002354656751653,0.0067263298226736
2015-03-06,-0.0079053574475131,-0.0035740337066856,-0.0084811733982874,-0.0130980610527715
2015-03-09,0.0005822796500871,0.0042254100516698,0.0058427361834103,-0.0016524551597966
2015-03-10,-0.0102629670644321,-0.0053407235443818,-0.0120791539006549,-0.0097390284734647
2015-03-11,0.0040119208043012,0.0051631430413661,0.0033118255343416,-0.0011466764438018
2015-03-12,0.0082646299047095,0.0102716185869347,0.0131168901913818,0.01080141763962
2015-03-13,-0.0024972745488313,-0.0014284161547658,-0.0036971872087163,-0.008142217554344
2015-03-16,0.0079006210385901,0.0035825339926776,0.007953004700508,0.008054624464487
2015-03-17,0.0021419035463847,0.0029281064224944,-0.0006871817837931,0.0003843565322338
2015-03-18,0.0096027594185787,0.0075130969407208,0.0095568796603204,0.0078535252095985
2015-03-19,-0.0007784772838256,-0.0025542270888001,-0.0029250942474209,0.0023629367796258
2015-03-20,0.0096572999202588,0.0009833771991436,0.0073907793434191,0.0071046562222378
2015-03-23,-6.674185755528583e-05,-0.0005134996079992,-0.0001087525046352,0.0005910985542618
2015-03-24,-0.002570522859054,-0.0048080230333857,-0.0033209258633954,-0.0010129942802968
2015-03-25,-0.006156197230142,-0.0080183564909085,-0.0111715371095874,-0.0145673009155858
2015-03-26,-0.0020978795111205,-0.0005929135940357,-0.0010345354638604,-0.0012116232367689
2015-03-27,-7.500987092434741e-05,0.0020878888719788,0.0021895850459361,0.0047757069040683
2015-03-30,0.008112673837378,0.0022196864505061,0.0086168241672646,0.0052278947373183
2015-03-31,-0.0054445930356659,-0.0030211713659039,-0.0039680010092048,0.0018580599284478
2015-04-01,0.0009185284392367,0.0001568146069086,-0.0020015371371282,-0.003865395879651
2015-04-02,0.0025612955246112,0.0042990336058916,0.0030581297294201,0.0019664295861856
2015-04-06,0.0053675938373412,0.0037631078125979,0.0046311735478388,0.0049204748540352
2015-04-07,-0.0012426093488774,-0.0001714790115342,-0.0020598154952092,0.0018822503277511
2015-04-08,0.0061854629516822,0.0126522940609363,0.0034520158692838,0.0123515754075027
2015-04-09,0.0040356157221588,0.0032315039242341,-0.0004526192269821,-0.0019046826373734
2015-04-10,-9.020228232836658e-05,0.0012302134085697,0.0023858735430219,0.001661398420419
2015-04-13,-0.0034476111013995,-0.0027663436845037,-0.0040717476847246,-0.0030737823271473
2015-04-14,0.0033927746815434,0.0020214443077479,0.0021419710590235,0.0075159557448338
2015-04-15,0.004755769631757,0.0017526682414579,0.0037539453460255,0.0048718062763866
2015-04-16,-0.0021108420774798,-0.003231826089307,0.0005101247353624,0.0001024733840278
2015-04-17,-0.0094315679748723,-0.0022009629120038,-0.0106174556406827,-0.0130456672463713
2015-04-20,-0.0005075730406374,0.0012387450416291,0.0062524287795209,0.0007800969363398
2015-04-21,0.0042657200717421,0.0046294885383106,0.0048785920344471,0.0078046642598483
2015-04-22,0.0009741602415507,-0.0008272682321979,0.0085909646207489,0.0037676848430179
2015-04-23,0.0010665546817723,0.0029723706799449,0.0007364438336603,0.0070607475569128
2015-04-24,0.0032181629162517,0.0004666063449776,0.0015501741422445,0.0002595000485166
2015-04-27,-0.0026200807059345,-0.0113212964462785,-0.0038115102470903,-0.0026637191782969
2015-04-28,-0.0004553188717991,0.0018861299788333,0.0027311302521799,-0.0043644769257583
2015-04-29,-0.0042327286463821,0.0014434094823267,-0.0007602197848491,-0.0058494776088678
2015-04-30,-0.00917457590537,-0.0042795829191309,-0.0103412312712567,-0.0079642478601966
2015-05-01,0.0060511250281771,0.0025511806447564,0.0065263017594465,0.0096502430921945
2015-05-04,0.0031331272933197,0.0006206414236411,0.0024108652637291,0.0037321508754037
2015-05-05,-0.0122484131296758,-0.0034809299605225,-0.006610153638702,-0.0144210707398108
2015-05-06,0.0004433501953717,-0.0034002362196059,-0.0054866828388255,-0.0059002616042193
2015-05-07,0.0080458931961056,0.0043698257190112,0.0020935545008429,0.007973106033321
2015-05-08,0.006919050611678,0.0064084342208012,0.0086414316850824,0.0057746523600112
2015-05-11,-0.0028074562053174,-0.0004634373348618,-0.0062474335455156,-0.0007814802029043
2015-05-12,0.0008538716446382,-0.0007808242192828,-0.0035781659073972,-0.0079315503454142
2015-05-13,0.0,0.0,0.0,0.0
2015-05-14,0.0,0.0,0.0,0.0
2015-05-15,0.0033920266723943,0.0003474348051166,0.0023302215510598,0.0050319922569463
2015-05-18,0.0010253974552416,0.0043210574369816,0.0023330809323944,0.0022995433279806
2015-05-19,-0.0010986550208031,-0.0005936723741751,0.0020777319802192,-0.0008251846147441
2015-05-20,-0.00187322522105,0.0012737433760576,0.000438294270503,0.0011624618002081
2015-05-21,0.0022246065635478,0.0031779984819315,0.000917472919973,0.0045967601396483
2015-05-22,0.0005417585388527,0.0002920612691308,0.0007344149843024,0.0052675523121386
2015-05-26,-0.0087183050715462,0.0009676449529909,-0.0071670845846161,-0.0033622585324445
2015-05-27,0.0055359386954314,0.0033826799417824,0.0058313806272003,0.0035053789962962
2015-05-28,-0.0015987359927381,0.0006190338596203,-0.0014913963106043,-0.0089094782297701
2015-05-29,-0.0015331167678223,5.871445534610942e-05,-0.0049733398711311,-0.0054978282539692
2015-06-01,0.0020812756386008,-0.0001129622161173,0.0008367055129891,0.0029157613744033
2015-06-02,0.0032039090197975,0.0004800749450011,-0.001260948788421,0.0007174833664982
2015-06-03,0.0032481712743563,-7.993925359195408e-05,0.0010133703493921,0.0010169903682866
2015-06-04,-0.0058055596798609,-0.0040540950548975,-0.0095483992368136,-0.0098744786443496
2015-06-05,0.0022242066179463,0.0012237037820321,-0.0009672850539865,0.0103813245724373
2015-06-08,-0.0100531375829966,-0.0034606281682477,-0.0074020334703369,-0.0063319444060236
2015-06-09,0.0003084132946717,0.0002508456712981,0.0005412156216157,-0.001595341432684
2015-06-10,0.0095067659710008,0.0049111959487089,0.008996315002,0.0125988169148396
2015-06-11,-0.0002930653016161,0.0017059472901641,0.0041412631827839,0.0004913190227773
2015-06-12,-0.0021077469462302,-0.0024344614636181,-0.005533909292536,0.0042559731050202
2015-06-15,-0.0034004521583481,-0.0015512287181937,-0.0048545103186522,-0.007897064302326
2015-06-16,0.0010892881912969,-0.0001286393454305,0.0026380277935635,0.001090837538489
2015-06-17,-0.0017146754766553,-0.0023327440928038,0.0008381826517656,0.0008711225471376
2015-06-18,0.0038682653593236,0.0048044500873116,0.0083632860096027,0.0032893952099657
2015-06-19,-0.0017989285486978,-0.0009096672063709,-0.0015430312899998,-0.0094322827996914
2015-06-22,0.0063022910874153,0.0023973481372536,0.0036006319791481,0.0019214230173629
2015-06-23,0.0008716758003386,0.0012003345277671,-0.000382513520622,0.0030669723561185
2015-06-24,-0.0056936186676936,-0.004625271523923,-0.009462694006868,-0.0057251209992539
2015-06-25,0.0016993342251063,0.0015946974013278,-0.0016461083440371,-0.0082474246937597
2015-06-26,-0.0105980044906435,-0.004985520085365,0.0039858048589689,-0.0051029361356617
2015-06-29,-0.019128767248069,-0.0068352063660604,-0.0193837201229795,-0.0199965854164745
2015-06-30,0.0060732714596183,0.0015495993638208,0.0040713300095118,0.0118255339992809
2015-07-01,-0.0013646833000299,0.0021003932194809,0.0058147155608716,-0.0013042615337074
2015-07-02,0.0006127121282701,-0.0001386479499814,-0.0017814596172492,-0.009721227599883
2015-07-03,0.0,0.0,0.0,0.0
2015-07-06,-0.0058700234107754,-0.0021857278491831,-0.0010826389099923,-0.005799069714534
2015-07-07,0.0005972888032872,0.0039615779177302,0.0046522923280312,-0.0076335019728608
2015-07-08,-0.0172114624550954,-0.007654141885372,-0.0147876976629111,-0.0117367336502091
2015-07-09,0.0074719832249858,0.0038865165436641,0.0004408388887926,0.0176695280833654
2015-07-10,0.0089689618095223,0.0035885156191668,0.0136049416150834,0.0070150031028719
2015-07-13,0.0079459201107512,0.0011493317845319,0.0086581171661865,0.0101784831724316
2015-07-14,0.0048719790911935,0.0044674723106268,0.0028884323232309,0.0018555539354889
2015-07-15,-0.0082641151480948,-0.0042955589271318,-0.0023444400472812,-0.0101634109444548
2015-07-16,0.0026830895835052,-0.0021700757501152,0.0039348196862207,0.0148348193002685
2015-07-17,-0.0016621136742634,-0.0036650670193003,0.0011084694645147,0.0084521898936349
2015-07-20,-0.0082166558631863,-0.0033487560389712,0.0013445913636489,-0.0046704954671858
2015-07-21,0.0008684090936226,0.0007306553460315,-0.0060456435500153,-0.0016778177368638
2015-07-22,-0.0020527202808218,-0.0013375215946421,0.0012713613452361,0.0017261405721773
2015-07-23,0.0027675343519104,-0.0016768631690191,-0.0020899773568288,-0.0109457771936842
2015-07-24,-0.0111613105592158,-0.0057012630043266,-0.0033705064151774,-0.0097821802591218
2015-07-27,-0.0089455581846481,-0.0125914598162877,-0.0081067808984213,-0.0188040045285843
2015-07-28,0.0085965493382988,0.0021593795992267,0.0070263214939414,0.0081626620156918
2015-07-29,0.0076621201719171,0.003381917461467,0.007917431599953,0.0036070570897819
2015-07-30,0.0002326894302369,0.002115519129906,0.0031602072876077,-0.002041578886225
2015-07-31,-0.0028881156472861,-0.0010387294456383,-0.0018344967904995,-0.0001924232936356
2015-08-03,-0.0046030065186459,-0.0019836515055434,0.0013597158422617,-3.612037916622679e-05
2015-08-04,0.0013422619316794,-0.0102183351184769,0.000684350483225,-0.0033542981059566
2015-08-05,0.0042187902665833,-0.0037603713774784,0.0017999881724748,0.0043770334952137
2015-08-06,0.0004459722559202,-0.0038220250834006,-0.005835758787857,-0.0028377514092816
2015-08-07,-0.0050177210890901,0.0020527169348978,-0.0014149680713723,-0.0077473590569925
2015-08-10,0.014225877694016,0.0108110958273897,0.0089460548648991,0.0052625028156167
2015-08-11,0.0,0.0,0.0,0.0
2015-08-12,0.0,0.0,0.0,0.0
2015-08-13,0.0,0.0,0.0,0.0
2015-08-14,0.0004014329095238,-0.0004131365407969,0.0043298176651334,0.0122451666204392
2015-08-17,0.004449469750561,0.0046958346383476,0.003442328894982,-0.0052224796651456
2015-08-18,-0.0063552260379856,-0.0001739040416641,-0.0017215852939859,-0.0127491691594796
2015-08-19,-0.0079153266027215,-0.0059297446070128,-0.0028015206690786,-0.006636527365591
2015-08-20,-0.0192363543252334,-0.0145263265457383,-0.0193403608791747,-0.0471084866882477
2015-08-21,-0.0168518639853798,-0.0099365413003309,-0.0273729927693409,-0.0191403746040419
2015-08-24,-0.0294255291318522,-0.0152186247717422,-0.0293808902668314,-0.0389004275650541
2015-08-25,-0.0067696488013989,-0.0049440401875742,-0.0061704572725913,0.0227181169703609
2015-08-26,0.0222459994139396,0.0164868051863875,0.0290210375825552,0.0314081953914344
2015-08-27,0.024140402299537,0.0118211190590187,0.0174016490765966,0.0399676770065244
2015-08-28,0.0041079058863915,-0.0004378957807743,-0.0016473676605409,-0.0071372012236643
2015-08-31,-0.0039311448420992,-0.003050456256238,-0.0049772456595746,-0.0196495105038709
2015-09-01,-0.0189798657497365,-0.0124392858776976,-0.0229972837514015,-0.0375770309023074
2015-09-02,0.0124224031090105,0.0049315281983717,0.0113216960165827,0.0077459001568289
2015-09-03,0.00287860638566,-0.0014261086997603,0.0051524973377028,-0.0090522806472097
2015-09-04,-0.0097521109157133,-0.0013929281610819,-0.0115533863088906,-0.0297776474591368
2015-09-07,0.0,0.0,0.0,0.0
2015-09-08,0.0150547795090687,0.0089843542343635,0.0162589673906368,0.0150843895775052
2015-09-09,-0.0067329129834396,-0.0108759140253493,-0.0091489260976259,0.0107272623742549
2015-09-10,0.0016802436866323,-0.0004966261492164,0.0015359719957781,-0.0060151888317072
2015-09-11,0.0014604215526949,0.0022058291195974,0.0031675611245696,0.003707805011589
2015-09-14,-0.0032583153545214,0.0006724285735164,-0.0033331435457031,-0.0073336931221258
2015-09-15,0.0057295034575473,0.0078112049984522,0.0082145165662665,0.0216236094622273
2015-09-16,0.0104035918304279,0.0031231434793241,0.0047143491127774,0.0348132206216822
2015-09-17,0.0041728366279101,0.0026898193698274,0.0002334548873743,0.0077672685573229
2015-09-18,-0.0118079045953961,-0.0081244304314147,-0.012255813778895,-0.0175817691476649
2015-09-21,-0.0051889228412872,-0.0083698374353038,0.0067566128460339,-0.0063523922576502
2015-09-22,-0.014365924670731,-0.004426876033399,-0.0109577963169992,-0.0146061181519673
2015-09-23,-0.0069669285363641,-0.0050434512647962,0.0013443228632177,-0.0150644402115265
2015-09-24,-0.0061865550664297,-0.0003136912824283,-0.0089663714514516,0.0186746851547225
2015-09-25,-0.0087050681929173,-0.011242272564677,-0.0031896088830997,0.0014496112138708
2015-09-28,-0.0305262440000023,-0.0302816340133375,-0.0264304113408576,-0.0304850181412368
2015-09-29,-0.0040792523293532,-0.0083388893083073,0.0035016542216805,-0.0046578319086515
2015-09-30,0.0177040067631615,0.0168451180086908,0.0118725464867717,0.0351663873113063
2015-10-01,0.0040774738315678,0.0086187848986671,0.0016114176361519,0.0100709042675921
2015-10-02,0.0177177914726458,0.0145843821217179,0.0090933722788275,0.0351046396470309
2015-10-05,0.0162855599548794,-1.9535477035037552e-05,0.0155646744673261,0.0123176116031482
2015-10-06,0.0008116137483444,-0.0009687147729675,-0.0051723947314099,-0.0164683168048699
2015-10-07,0.0105382067081112,0.0006526755414519,0.0089958198041377,0.0057664121205596
2015-10-08,0.0060261057178994,0.0062198837376039,0.0032623659173323,0.0119851522055292
2015-10-09,0.0011659071735174,-0.0011165252988558,0.0003197216152877,0.0104053248914737
2015-10-12,-0.0022631275739906,-0.0024139384858988,0.0022250223618403,0.0037270525069825
2015-10-13,-0.0089540283915837,-0.0113968954085571,-0.0037319066249346,-0.026305707154107
2015-10-14,0.0003246148469899,0.0044923384508448,-0.0046805498416104,-0.0183797235714814
2015-10-15,0.0114458269404498,0.0062059480577156,0.0184723299907882,0.0025571516728444
2015-10-16,0.00394091652292,0.0041566912502568,0.0061729030713504,0.0052429666156579
2015-10-19,-0.0043179072291981,-0.0017560470763041,0.0004598278962375,0.0071450256550706
2015-10-20,-0.0023282103482096,-0.0088783428542704,0.0014147514067792,-0.0088209025832868
2015-10-21,-0.0139343859194586,-0.0101111090337313,-0.0069079910145434,-0.015733696071561
2015-10-22,0.0098995431700148,-0.0082216603733221,0.0063102454186563,0.0078917564766096
2015-10-23,0.0120224885162205,0.0182844409879803,0.0081142251736665,0.0170935301864911
2015-10-26,0.0054911787166038,0.0038996174086942,0.0043193038304534,0.004006687664569
2015-10-27,-0.0104477772102643,0.0037501662566103,-0.0041412747835141,0.0016800369026153
2015-10-28,0.0162014802706411,0.0063981832499839,0.0065445867509004,0.0115446599617416
2015-10-29,-0.0012930354908113,0.0036848349975837,0.0013089742963388,-0.0036344547606719
2015-10-30,0.0041282946171008,-0.0015052517292194,-0.0108157324675072,0.0065312123267515
2015-11-02,0.0124842152846773,0.0103558226060012,0.0023137693999155,0.0132968877084569
2015-11-03,0.0058532782448204,0.0022690348922782,0.0071298204587166,0.0143306352245613
2015-11-04,-0.001737768342414,-0.0007055677042061,-0.0019381165746314,0.0035142651782205
2015-11-05,-0.0061552770816586,-0.0041113287504588,0.0020586346504969,-0.0116334225132148
2015-11-06,0.0055426703215661,-0.0009191327534781,0.0017778472895446,0.0148177489419698
2015-11-09,-0.0075985668883387,-0.0107592836418108,-0.0112588919265894,-0.01928179528103
2015-11-10,2.6349419326443524e-05,0.005827560502073,0.0025814527964631,-0.0061433946827285
2015-11-11,-0.0049234941464086,-0.0070508131253972,-0.0007490696099656,-0.003554893954706
2015-11-12,0.0,0.0,0.0,0.0
2015-11-13,0.0,0.0,0.0,0.0
2015-11-16,0.006608182327954,0.0021067943966213,0.0120494520449394,0.0405764683643188
2015-11-17,0.0032244501648739,0.001726307260917,-0.001408729388589,0.0149007771826989
2015-11-18,0.0141311236104424,0.0103043031952283,0.0151532539182095,0.0178568137835188
2015-11-19,-0.0034423076444611,-0.0048606452644839,0.0067459320117095,0.0032058435372952
2015-11-20,0.0057838324002135,0.0067603486672955,0.0032723509115346,0.0226814161277995
2015-11-23,-0.0010893980202152,-0.0037808927894639,0.0031505468248917,0.012117307767075
2015-11-24,0.0033818455825347,0.0063590863517011,0.0033759356929998,-0.0063645804537673
2015-11-25,0.0021903384835291,0.0046820315078917,0.0016277045898183,7.692369106360175e-06
2015-11-26,0.0,0.0,0.0,0.0
2015-11-27,-0.0003886020090454,3.706233194344932e-06,0.0011797329922946,0.0042185164695813
2015-11-30,0.001682558159598,-0.0054437449078769,-0.0103225971570946,-0.0036129380355979
2015-12-01,0.0042714633565099,0.0100807393468072,0.0090554666170816,0.010648539511324
2015-12-02,-0.007470586500922,-0.0071025807957972,-0.0161627382008958,0.0112002151446271
2015-12-03,-0.0120233435896199,-0.0074067793461347,-0.0188694718228886,-0.0157160524164174
2015-12-04,0.0080034276906166,0.0072543415701431,0.012094497271673,0.0229168509394013
2015-12-07,-0.0112342839235121,-0.0027627589056928,-0.0096079412532655,-0.0117131816143809
2015-12-08,-0.0033509910127664,-0.0035401446133453,-0.0008119593659281,-0.0008351820838854
2015-12-09,-0.003791744723916,-0.0038401801800457,-0.0094318817354386,-0.014748960726263
2015-12-10,0.0004733786388644,0.0029771205604953,0.0005942200925348,-0.0005097216878294
2015-12-11,-0.0155538795499735,-0.008344656901489,-0.0179806893562463,-0.0342804778100951
2015-12-14,-0.0041052890985568,-0.0001517312512825,0.012145951158309,0.0047631813699455
2015-12-15,0.0111636354684552,0.0075871225802572,0.0134568480815251,0.0091115876948897
2015-12-16,0.0106862839096821,0.0053793102469488,0.0133265933613089,0.0244839094737074
2015-12-17,-0.0080556481454208,-0.0056036637738238,-0.0135517811422282,-0.0053767750450915
2015-12-18,-0.0040216366509284,-0.0056812665353828,-0.0160629214355765,-0.0116124401126398
2015-12-21,0.0053157688919189,0.004494523451032,0.0155926628814355,-0.0017649029677012
2015-12-22,0.0055085699193593,0.0038824160749246,0.0170283940898159,0.0015585853863333
2015-12-23,0.0089394661176034,0.0080663771071147,0.0185960225991166,0.0106767343438114
2015-12-24,0.0005289365336429,-0.0004796492566916,-0.0054010834389848,-0.0025350380089897
2015-12-28,-0.0048827650933335,-0.0063465255109855,-0.005517685511962,-0.0107585652836029
2015-12-29,0.0082873320236021,0.0063663688823563,0.0144357640569849,0.0127411203797744
2015-12-30,-0.0096739646477411,-0.003495616122572,-0.0107751808786171,-0.0149448896182303
2015-12-31,-0.0025840779527201,-0.0032372395207825,-0.0109739362458862,-0.0065017926173082
2016-01-04,-0.0132631480923082,-0.0060373490567597,-0.0060173178357587,-0.0431899209745227
2016-01-05,-0.000397849907416,0.0022417895925077,0.0067978469393283,-0.0029600131284786
2016-01-06,-0.0115578023315012,-0.0069551978611549,-0.0033492292463385,0.0177577814892619
2016-01-07,-0.020495339458921,-0.0071669561768193,-0.0213237469876946,-0.0339444108425022
2016-01-08,-0.0081489679293088,-0.0083069741846065,-0.0100710526701977,-0.0175846693990658
2016-01-11,-0.0052715630072485,-0.00147994062459,0.0116993853440408,-0.0039265027969567
2016-01-12,0.0028752862885179,0.0007026002056103,0.0106851801232246,0.0183885645441486
2016-01-13,-0.0222782595311354,-0.0147617852670978,-0.0303487892025661,-0.0506116848370029
2016-01-14,0.0129258302217081,0.0128626511866758,0.0039019058061586,0.0151411712178888
2016-01-15,-0.0188228249618708,-0.0093873069072184,-0.0209722335254629,-0.0279983184301094
2016-01-18,0.0,0.0,0.0,0.0
2016-01-19,-0.0089791766259067,-0.0056997687462635,0.0087404765446699,0.0083484875351749
2016-01-20,-0.0075514126549584,0.0005640122011685,0.0079929944869105,-0.0122718907810954
2016-01-21,0.0080355150189943,0.0023676646018087,0.0198209598645493,-0.0080800413280434
2016-01-22,0.0182076144407639,0.0100981881473842,0.0196290064491091,0.0145780370603707
2016-01-25,-0.0163168128004254,-0.0063653987358649,-0.0082624932011905,-0.0194333805090445
2016-01-26,0.0158538842178064,0.0075786929632841,0.0217464221853289,-0.0021466211176581
2016-01-27,-0.0097837852841706,-0.0094120082943345,-0.0026027347609381,-0.0441221038676988
2016-01-28,-0.0009437190933035,-0.0096188698837608,0.0011948853831031,0.0069639930558982
2016-01-29,0.0208148952068381,0.0119362978237651,0.0256820376600022,0.0153659690779637
2016-02-01,0.001107017439405,0.0033310310013325,-0.0092449044218773,0.0017438710048272
2016-02-02,-0.0179247117945297,-0.0093508561845955,-0.0155707969477437,-0.0303831551288507
2016-02-03,0.0038704614262496,0.0017817559218484,-0.009526026131964,-0.0073906927757796
2016-02-04,0.0080249469463562,0.0003455866133024,-0.0065275962897313,0.0136061937046867
2016-02-05,-0.0182281669435281,-0.005381838883733,-0.0175207126044086,-0.0665054013567066
2016-02-08,-0.0264509296220627,-0.0180746876690974,-0.0223019300502952,-0.019696860815625
2016-02-09,-0.0057151640676412,0.0011156937834748,0.0026459229077926,-0.0002423457500242
2016-02-10,0.0023166948856563,0.0033649593290285,0.0073199143398463,0.0158402207122505
2016-02-11,0.0,0.0,0.0,0.0
2016-02-12,0.0,0.0,0.0,0.0
2016-02-15,0.0,0.0,0.0,0.0
2016-02-16,0.0217586533423905,0.0134629762819615,0.0082603723920429,0.0483661085749218
2016-02-17,0.0192176942410668,0.0165335461534243,0.0244272845337123,0.0304530473737609
2016-02-18,-0.0033214891119648,-0.0114584150854322,-0.0084070957813132,-0.0200179810974947
2016-02-19,0.0013133586925917,-0.0037532803917841,-0.0002305573761171,0.0025725335441373
2016-02-22,0.0171285601546185,0.0114089346422698,0.0028886561423562,0.0203103840504419
2016-02-23,-0.0099702467620236,-0.0007766117721473,-0.0082060907633213,-0.022989079259534
2016-02-24,0.0062255166660536,0.0008327547104729,0.0024889151722251,0.0121321396966938
2016-02-25,0.0086911301215111,0.0149581243602123,0.0223956577950792,-0.011996734264259
2016-02-26,0.0034799991937695,0.0021738463591121,0.026420922421728,0.0086851455497969
2016-02-29,-0.0073708476560825,-0.0159719123430787,-0.0075541881686588,-0.0019773118923152
2016-03-01,0.0169058625293514,0.0097350273767242,0.012633784413597,0.0301639271097042
2016-03-02,0.0050568680354505,0.0021881395278267,-0.0003380736868981,7.273988391620634e-05
2016-03-03,0.0012305726283681,-0.0029798492458547,0.0021218573768786,-0.005008508837568
2016-03-04,0.0041833570336884,-0.0038876366468891,-0.0006707110405643,0.0222721647524661
2016-03-07,0.0056608704456022,0.0086232106899262,-0.0065368178192898,-0.0134518255924266
2016-03-08,-0.0175084539225868,-0.0110113964524271,-0.0063030000925533,-0.004350896603222
2016-03-09,0.0057938851438334,0.0097291517588689,0.0046570371117902,0.0079927291737735
2016-03-10,-0.0038945564870771,-0.0003112870621647,-0.0044565084953434,-0.0045637151263371
2016-03-11,0.0190377768896492,0.015285068952926,0.0108578117043183,0.0278203052987195
2016-03-14,-0.0058071887399102,-0.0033772573916617,0.0051210313862053,-0.0010286855162129
2016-03-15,-0.0137919060700868,-0.0228754383817914,0.000748003036491,-0.0112307432513963
2016-03-16,0.0061769070622494,-0.0073247380639731,0.0105857553583623,0.0146866400447949
2016-03-17,0.0017941579238094,-0.0087410397768539,0.0032324167457926,-0.0038166665168318
2016-03-18,0.002126587335621,0.0006540950574358,-0.0042155221493509,0.0083787158465937
2016-03-21,0.0013711069970732,0.0074690011062026,-0.0071107401220891,0.0042219002883632
2016-03-22,-0.0045257249830844,0.0059039674618472,-0.0019204501317549,-0.0031692610055741
2016-03-23,-0.0099905185286363,-0.0058288935271343,0.0011381842140905,-0.0105144275822535
2016-03-24,-0.0002867120746384,0.0002190992102995,-0.0044815401041614,-0.0044591734793774
2016-03-28,-0.0030643094142626,-0.0047069051820315,0.0116172812878472,-0.0003647950644013
2016-03-29,0.0089854059025304,0.0111244672005836,0.0129168495684941,0.0188963086329845
2016-03-30,0.0028208280372634,-0.0016692640623439,0.002588124374719,0.0083596071746214
2016-03-31,-0.0009249940641816,-0.0035104499725077,-0.0024395571904852,-0.0017085856077998
2016-04-01,0.0032753796340228,0.0070240106993417,0.0055270450652691,0.0133112620009128
2016-04-04,-0.0035743201681843,0.0029676783852279,-0.0035137146275007,-0.0053766198621183
2016-04-05,-0.0096679090706222,-0.0226891028913349,-0.0104605700832187,-0.004369920589068
2016-04-06,0.0088194010238693,0.018039443537513,0.0058959462895702,0.0065832216730499
2016-04-07,-0.0094016955151445,-0.0042485912664854,-0.0115616013583498,-0.0071129921752165
2016-04-08,0.0039015748529407,-0.0053147526344206,0.0095909601821626,0.002217607955216
2016-04-11,-0.0058310294355274,-0.0096833728857241,-0.0054307505509902,0.0037147798596868
2016-04-12,0.0060132596863293,-0.003576112260376,0.0067844129883101,0.0238291517447228
2016-04-13,0.0122894139063662,0.0055965722465818,-0.0043224926879166,0.02753213298858
2016-04-14,0.0006064950505386,-0.0022040669420415,-0.0020966532868552,0.0005654676295347
2016-04-15,-0.0023700257199799,-0.0010452792883982,0.0071549136991237,0.0071604573980954
2016-04-18,0.0070668152338122,0.0057727999477481,0.0046081013168981,-0.0086398018636114
2016-04-19,0.0039199279380366,0.0091155078671414,0.0019127462804882,-0.0365152605973077
2016-04-20,0.0025635239384957,0.0009609803524435,-0.0027804284511133,0.0063174371486585
2016-04-21,-0.0005453620729092,0.0060348944519845,-0.0124767948434966,-0.0085076443438303
2016-04-22,0.0051609595976125,0.0008921607288487,0.0114910165354116,-0.0015034785444615
2016-04-25,-0.0106368748023114,-0.0170473924525014,0.0050784564602568,-0.0141885579861633
2016-04-26,0.0026144421373812,-0.0037828522464415,0.0013611276676075,-0.0165569125757831
2016-04-27,0.0016943559371289,0.000656805489585,0.0045521515844038,0.0029095078903884
2016-04-28,-0.0051151664616961,-0.0099955483958653,-0.0079459561645265,0.000282030752396
2016-04-29,-0.0090584297479013,-0.0068563523817485,-0.0058409482147941,-0.001041071589973
2016-05-02,0.0042269001014076,0.0015840666111854,0.0140110387722531,0.0027505691452722
2016-05-03,-0.008875532577072,0.0014204066898175,-0.0103835819708408,-0.0197092724073383
2016-05-04,-0.0070719083120668,-0.0091521560500601,0.0092030884547487,-0.0089688601845945
2016-05-05,0.0014953551656669,-0.0052768598862377,0.0257597881501214,0.0003010955318742
2016-05-06,-0.0075155384712211,-0.0237919331095118,0.008882507533384,-0.001711412318632
2016-05-09,-0.0002406718407468,0.0162523869932198,0.0024315559580927,-0.0162065675270937
2016-05-10,0.0099930027624854,0.0101163315103958,0.0186116892704542,0.0149613642005954
2016-05-11,-0.0079777545388469,-0.010886469607212,-0.0100066913898616,-0.0198010611821548
2016-05-12,-0.006354440373992,-0.0092444666974026,0.0080242369596088,-0.0193941841386167
2016-05-13,0.0,0.0,0.0,0.0
2016-05-16,0.0040437955898013,0.0074463283106569,0.0083511875231558,0.0100138478821081
2016-05-17,-0.0048032493804274,0.0067035953976846,-0.0325919190094909,0.0001187843802021
2016-05-18,0.0012941696732378,0.004220690282257,-0.0067607928612812,0.0145747177269088
2016-05-19,-0.0079584965926841,-0.0086794750856414,0.0145430468681648,-0.0084995529829926
2016-05-20,0.0069235899108837,0.0117740386153855,-0.0032945982286917,0.01855044461239
2016-05-23,0.0029973933637956,-0.0054524268344886,0.0018445699053561,0.0028592345417592
2016-05-24,0.0116720616306273,0.0121971342739539,0.0167723384296589,0.0241712996216068
2016-05-25,0.00299187349728,0.0016412965178977,0.0069462479993793,0.0007890757388433
2016-05-26,0.0026772539518022,0.0049435868943088,-0.0042283611837212,0.0057639665397732
2016-05-27,0.0047781184457027,0.0053900441036092,0.0039675437590334,0.0114332920175679
2016-05-31,0.0031860473432885,0.0029961588041726,-0.0080465897032104,-0.0004832445682794
2016-06-01,0.004003271332037,0.0116540151793627,0.0073206398352221,-0.0061066757805725
2016-06-02,0.0110184760730558,0.0099528869978642,0.0082308038711438,0.0015626876749963
2016-06-03,0.0001804814193415,-0.0025030225118967,0.0025530840050584,-0.0154244942866601
2016-06-06,0.0040543079747281,0.0080380450908081,-0.0007887567939748,0.0099880437587207
2016-06-07,0.003544630522805,0.0008573270597687,-0.001582170651829,-0.0151051093416478
2016-06-08,0.0004612732343738,-0.0002793217162569,0.0040872875343354,-0.0144187018084886
2016-06-09,-0.0022289960801384,-0.005656138650897,0.0031322099602422,-0.0013455514946515
2016-06-10,-0.010181080927798,-0.0156015580175585,-0.0054497808250258,-0.0212678122793477
2016-06-13,-0.0072346324413081,0.0007045604253688,-0.0055895805719267,-0.0026486082411992
2016-06-14,-0.0048245100126597,0.0024656183559006,-0.0007716484435073,-0.0017683049416348
2016-06-15,0.0033054501490099,-0.0067201399089633,-0.0007094849785939,-0.0051657045787825
2016-06-16,7.046793639475801e-05,-0.0027268149243893,0.0041430747500768,0.0057370259840108
2016-06-17,-0.0036193268402838,-0.0030061955078314,-0.0044579581083257,-0.0075959791380418
2016-06-20,0.0056087653189269,0.0023505080304537,0.008264936140427,0.0121305973402761
2016-06-21,-0.0002595523919003,-0.0064244754987342,0.0018870964115167,-0.0077102506958668
2016-06-22,-0.0023826622022944,-0.001197696750974,-0.0045010015047942,-0.0066599737548451
2016-06-23,0.0099023157369013,0.0130681014169646,0.0147580357173735,0.0148847739255901
2016-06-24,-0.0308258747302989,-0.027631268055026,-0.0334158762369747,-0.0324378617012693
2016-06-27,-0.0202289184730397,-0.0204173331536262,-0.0077874545611029,-0.0251908312387197
2016-06-28,0.0137266718938624,0.0226804808407636,0.0137224363229155,0.0176002732779647
2016-06-29,0.0114929265471033,0.0126368238297545,0.0171182855334377,0.0234451455255151
2016-06-30,0.0079802725803499,0.0031135664903849,0.0211424780937852,0.0094717976617668
2016-07-01,0.0013254706211345,0.0047425442144322,-0.0008725274799917,0.0222384141504368
2016-07-04,0.0,0.0,0.0,0.0
2016-07-05,-0.0083270415965148,-0.0056027222460205,0.0007670283239313,-0.0051919460352811
2016-07-06,0.0004672583495399,0.0069142819362777,0.0084841617641089,-0.0154551692973941
2016-07-07,0.0024062648915033,0.0009512751403228,-0.001835804934294,0.0058311562059458
2016-07-08,0.0144584301910963,0.0101504752328878,0.0087062152802213,0.0138865746245071
2016-07-11,0.0041852800533572,0.0007232615605246,0.0021431202194477,0.0036355871571298
2016-07-12,0.008519447372326,0.0067545257789178,-0.0135821061240066,0.0148135166874265
2016-07-13,-0.0022385630721882,0.0054246143420391,0.0110634706674968,-0.0048479883006798
2016-07-14,0.0056913907645235,0.0025731290105033,-0.0032460450094133,0.0085756639911036
2016-07-15,0.0014726394069082,-0.0010517889882857,0.0035374499697062,-0.0044345043569875
2016-07-18,0.0013409662371135,0.0017215404635337,0.0035089338565081,0.0103606048804099
2016-07-19,-0.0038331252429038,-0.0046326217161757,-0.001430642857132,-0.041376051026165
2016-07-20,0.0057347205729922,0.0158265678077493,-0.0049514661435895,0.0162334286434082
2016-07-21,0.0006691838787491,-0.001840805859444,-0.0052731739375391,-0.0145676105179244
2016-07-22,0.0035166528145533,0.0007985725621775,0.0062184151214244,0.0023391258118905
2016-07-25,-0.0004044391986239,4.1974617554840776e-05,0.000778214124613,0.0049378045884107
2016-07-26,0.0017457960158053,-0.0009146663634116,-0.0108352129046903,0.0207489697361744
2016-07-27,-0.00121935301938,0.0098396755842395,-0.0136889203834311,-5.753777644601499e-05
2016-07-28,-0.0014540775870982,-0.0032706926473761,0.0035918235513332,-0.0006935867360368
2016-07-29,9.093257135872612e-05,-0.0036890501599886,0.0039195678405721,-0.0074511648415825
2016-08-01,-0.0001780369229453,0.0023517271493482,-0.0054788705817648,0.0173591057774402
2016-08-02,-0.0097069771604367,0.0016804860160013,-0.0087182801785296,-0.0051949362811346
2016-08-03,0.0054369834223513,0.0127937289696151,-0.0003650288858225,0.00322362664033
2016-08-04,0.0039065957265036,0.0019336562259413,0.005670971582061,0.0010881312491239
2016-08-05,0.0083325068617068,0.0004854791584174,0.0294479434189924,0.0224207740677324
2016-08-08,-0.0013400472346902,-0.0049230020290402,-0.0006851240601155,-0.0010500993083547
2016-08-09,-0.0068623202225033,0.0107425126538753,0.0078329579608471,0.0026777069668622
2016-08-10,0.0,0.0,0.0,0.0
2016-08-11,0.0,0.0,0.0,0.0
2016-08-12,0.0,0.0,0.0,0.0
2016-08-15,0.0068728679495775,0.0043310308527519,-0.0029482182664856,0.0124724051897653
2016-08-16,-0.0023863787252409,-0.0037474115340513,-0.0017646616661537,-0.0075093938091304
2016-08-17,-0.0036319404072523,0.0003863551557596,0.0034165193150861,0.0037131256362084
2016-08-18,0.001535787824842,0.0025352732977834,0.0035274077181386,-0.0017091867554074
2016-08-19,0.0007360054565475,-0.0013770541229649,-0.0008977618729173,0.0012386144706473
2016-08-22,0.0011849948970468,-0.0005925724731468,0.0007498471419566,-0.0015224005670007
2016-08-23,0.0021244033553251,-0.0032039540965463,-0.0034022069084584,0.0023047069072001
2016-08-24,-0.0054336700206095,-0.0202356134285884,-0.0006839667926484,-0.0073460258113026
2016-08-25,-0.0002512436762761,-0.0076516397342675,-0.0007970586557919,-0.0012346622619042
2016-08-26,0.0019217144887477,0.0016694381202235,-0.0068063159543143,0.0025132269730432
2016-08-29,0.0017422929824546,-0.0031766711358378,0.005003346412238,1.799263316804023e-05
2016-08-30,0.0005390260325901,-0.0012303880149335,-0.0041318713834344,0.003580639197348
2016-08-31,-0.0002165550292596,-0.0043184563408632,0.0131076268341632,-0.0017951106051279
2016-09-01,0.0162127946597687,0.0019077047294562,-9.209106165375402e-05,0.0184109823405345
2016-09-02,0.0029495708833757,-0.0068125660351171,0.0030714700840559,0.0019455045640521
2016-09-05,0.0,0.0,0.0,0.0
2016-09-06,0.0047426571320356,0.007226132245369,0.0017195300899539,0.0134658675903747
2016-09-07,0.0047642732061989,4.696992679997791e-05,0.0011685329050901,0.0033682976941016
2016-09-08,-0.0059749918911951,0.0020296575399749,-0.0058908836922036,-0.006235844638704
2016-09-09,-0.0160748553958604,-0.0122605605078862,-0.0324413955352843,-0.0174314619257646
2016-09-12,0.0082983780155292,0.0139705857316752,0.0263823031281211,0.009854599877604
2016-09-13,-0.0097729977866681,-0.0054964334898439,-0.0058746369958485,-0.0062373641806127
2016-09-14,-0.0014220099596985,0.0034553435085384,-0.0059311028668272,-0.0023854375977685
2016-09-15,0.0052649322953195,0.0044838379887059,0.015107320624571,0.0027745080343268
2016-09-16,-0.0048220926426406,-0.0006760168150246,-0.0023146911877143,0.0009908758872283
2016-09-19,0.0023846442869215,-0.0040460678283613,-0.0165020571622487,-0.0013694961386927
2016-09-20,-0.0016674064272118,-0.0056734149704157,0.0022587098964819,-7.970400875745298e-06
2016-09-21,0.0122433798479761,0.0071821060523085,0.0095676305991083,0.0147347398397013
2016-09-22,0.0096175380769258,0.0103894747271588,0.0113680819318988,0.0083522711244108
2016-09-23,-0.000403548437809,0.0018824951860092,-0.0030941610712823,0.0033736666595707
2016-09-26,-0.0036444960691104,-0.0123878251120176,-0.0046944282283406,-0.0068183044542381
2016-09-27,0.0048247317669505,-0.0030978317501881,0.0068334275231975,0.0034783480426863
2016-09-28,0.0014651110485053,-0.0029405278684691,0.0037852338955186,0.0001229672890294
2016-09-29,-0.0075394025018317,-0.0184834733866826,-0.0113762591935215,-0.0104391833737182
2016-09-30,0.0026486663854039,-0.000810541736594,0.0105508225529606,0.0006350972457558
2016-10-03,-0.0028032313042881,0.0023581128619274,-0.0050036465247804,-0.0019096670214995
2016-10-04,-0.0017369993009108,-0.0024189366727341,-0.0098566770546265,0.0117775392317618
2016-10-05,0.0035551423069564,0.0021242774838245,-0.0045840382758775,0.0056111205167048
2016-10-06,-0.0030753832258038,-0.0053449483889775,0.0009302007478397,-0.0029203621914825
2016-10-07,-0.0024947712850694,-0.0035596854414109,-0.0021524293898715,-0.0057869892012096
2016-10-10,0.0017947756540892,0.013569325206834,0.0103462114761538,0.0061390560888561
2016-10-11,-0.016339195942284,-0.0097433748379724,-0.0143929158590766,-0.0193419818873994
2016-10-12,-0.0033720080370897,-0.0103264820760086,-0.0003449878504279,-0.001957247882263
2016-10-13,-0.0043672077818817,0.0033021522472078,-0.0020052335563901,-0.0072311931476397
2016-10-14,0.0014887137769725,-0.0112750160913142,0.0133303928809032,0.0048717344632478
2016-10-17,-0.0046245521970096,-0.0056252647949485,0.0013692399445015,-0.0020537965529187
2016-10-18,0.0040677526767409,0.0097528488085933,0.002075954036828,0.0042485203159794
2016-10-19,0.0015868522169617,0.0011372214165867,-0.0053151445050586,0.0025217288567336
2016-10-20,-0.0043126669627056,0.0054278816904882,-0.0027773826740087,-0.0008916076776048
2016-10-21,0.0001679397515628,-0.0051102675514657,-0.0021612759532628,0.0007645315433728
2016-10-24,0.0027568405165669,-0.0003949722915586,0.0079669844213736,0.0012995198503371
2016-10-25,-0.0048511543748168,0.004397036750009,-0.0059807090585813,-0.005773014566863
2016-10-26,-0.0043458738483672,-0.0063619125059259,-0.0041945370564794,-0.0099128450143651
2016-10-27,-0.0081569605467585,-0.0025690742254032,-0.0042307811817512,-0.0089309099818661
2016-10-28,1.1206033712074517e-06,-0.0113875618528876,0.0028017325037192,0.0064047165671665
2016-10-31,0.0018329585872089,-0.0067759556655484,0.0102480800728195,0.0037960770265261
2016-11-01,-0.0069855045445508,0.0033586230459545,-0.0072155238005452,-0.0095906949506351
2016-11-02,-0.0038840391101563,-0.0115110815795579,-0.0033747016346373,-0.0210009512977893
2016-11-03,-0.0095695731631152,-0.0310091284246404,-0.0163248636272531,-0.0102746274137247
2016-11-04,0.0093550133500026,0.0125679079234899,-0.0194222125597892,0.0042565207500069
2016-11-07,0.0201491673234033,0.0148466191098237,0.02116172575927,0.0163614988863118
2016-11-08,0.0006853226822955,-0.0052818076339864,0.0214064683126691,0.0049757871823008
2016-11-09,0.0,0.0,0.0,0.0
2016-11-10,0.0,0.0,0.0,0.0
2016-11-11,0.0,0.0,0.0,0.0
2016-11-14,-0.0059005464142697,0.0018647782475305,-0.0101618066693636,-0.0194073294166458
2016-11-15,0.0094572301597861,-0.0082360650467495,0.0117092882422296,0.0290551472729756
2016-11-16,-0.0007413692235741,-0.0114769332753096,0.011418290313512,0.0081791121981296
2016-11-17,0.0060691465857438,-0.000908955871355,0.0076074388686322,0.0138306915587225
2016-11-18,0.0038695259044276,-0.0091189502432644,-0.0033065854354599,-0.0065167675998497
2016-11-21,0.00266820407513,0.0053545902701865,0.0121218600091803,0.0023148475635816
2016-11-22,0.0034047032455934,-0.0070928016846648,0.0061852014690098,0.0032817828118687
2016-11-23,0.0004024857093405,0.0066237491492675,-0.0146414029075032,-0.0016773064751283
2016-11-24,0.0,0.0,0.0,0.0
2016-11-25,0.001795037676759,-0.0004999117426967,0.0055384551254944,0.0016338013444725
2016-11-28,-0.0074508703804719,-0.0006430647154711,0.0006087463073209,-0.0067661426634422
2016-11-29,0.0009358262231109,-0.0078085836980019,0.0084340407818048,0.0196090561593522
2016-11-30,4.429246755344174e-05,0.0026645463837944,-0.0164131219974211,-0.0099939428542162
2016-12-01,-0.0140480745357057,-0.0085445935904001,-0.0105897446453729,-0.019321249150639
2016-12-02,-0.0013406254369771,0.0021078129991085,0.0030321490785409,-0.0074791614108717
2016-12-05,0.0098393392009086,0.0034400540724985,-0.0047954610586669,0.0122566217555513
2016-12-06,0.0069731963029471,-0.0031342811792467,-0.0019241403029819,0.0018009040208224
2016-12-07,0.0114446498686151,-0.0068607914907394,0.0322456314541512,0.023664757275849
2016-12-08,0.000112771763215,0.0090310131914621,-0.0040461989922201,-0.0008353528109124
2016-12-09,-0.0026897647375865,0.0038683520217848,0.0152701363004557,0.0013119082343093
2016-12-12,-0.0070635784772878,0.0013377775007852,0.0019458992260914,-0.0119274017268423
2016-12-13,0.0056400625818313,0.0088365501446736,0.0073859427018192,0.0099424453900287
2016-12-14,-0.0049908185024777,-0.0082321595013121,-0.0079814074846161,0.0019359909490963
2016-12-15,0.0011391400565881,-0.0012528975895799,0.0101103204216088,-0.0104597101938487
2016-12-16,-0.0009899500405502,0.0027688897972282,0.0097803671932339,-0.0050924715738364
2016-12-19,-0.0009643218594849,-0.0009378951235365,0.0018142361586674,-0.0040074936636547
2016-12-20,0.0029086815650869,-0.0011914909529883,-0.0041709513547616,0.0052402263690587
2016-12-21,-0.003749084744259,0.0003795338772163,0.0052458846712857,0.0012371864570224
2016-12-22,-0.0076859983754075,-0.0018083924143159,0.0048614061606622,-0.0089351893963852
2016-12-23,0.0025022105128502,0.008163636470035,0.0026911793397288,-0.0006899962198128
2016-12-27,0.0059076572186549,-0.0011368488083441,0.0003777711211891,0.0082485011763933
2016-12-28,-0.0078438190657876,-0.0051188468189239,-0.0045584935937962,-0.0070644896510162
2016-12-29,0.0023921370301049,0.0034416361452294,0.0050111425837098,-0.0005941558078343
2016-12-30,-0.0013062563240942,0.0053220466749019,-0.0062377817962517,-0.0063615444919368
2017-01-03,0.0043005987668482,0.0152985307099666,0.0039685608400843,0.0082243017449563
2017-01-04,0.011580523294858,0.0070290343349204,-0.0010114882297639,0.0122037162739256
2017-01-05,0.0030793596518874,0.0041072049932782,-0.0042637225821934,0.0160918238871634
2017-01-06,0.0035607390167515,-0.0132500706906546,-0.0012126212337904,0.0056665397011568
2017-01-09,-0.0004577849210104,0.0020073493900067,-0.0045397094094901,-0.0026415136127654
2017-01-10,-0.0014899286389998,0.0003935749517776,-0.0007177515136286,0.0105863563763952
2017-01-11,0.0042875767842784,-0.016622749260771,0.0086428673695739,0.0010454158672508
2017-01-12,-0.0036143442390529,-0.0015419980700747,0.005647722319523,-0.0058307831074347
2017-01-13,0.005475605839204,-0.0016073448282706,-0.0029096609807051,0.0062313942166558
2017-01-16,0.0,0.0,0.0,0.0
2017-01-17,0.0007089660784103,-0.0028013767564899,0.0078777629402149,0.0074016835235115
2017-01-18,-0.0017008001087087,-0.0016511142527911,0.0038494296983149,-0.0005886805946172
2017-01-19,0.0006985109953365,-0.0018062887457614,-0.0050281647802142,0.0043991044465729
2017-01-20,0.0037937384238453,-0.0043216116234698,0.0106638420796485,0.0006680683050357
2017-01-23,0.0006995641340981,-0.0051159693682929,-0.0021108045079595,0.0093790069758707
2017-01-24,0.0055296822848254,0.0006317687081263,-5.813933142961858e-05,0.0099754269901812
2017-01-25,0.0052716860477042,0.0091357309060253,0.0034709470259564,0.0067980824369129
2017-01-26,0.015379553425121,-0.0029532390515127,0.0068731427057795,0.0106632076941211
2017-01-27,-0.006873609766296,0.0058430980347663,-0.0018020635781386,-0.0069332652307643
2017-01-30,-0.0029266955513086,-0.0052355865434131,-0.0052480419272815,-0.0018993535941821
2017-01-31,0.0071441529605722,0.0119554151551353,0.0009372211291951,-0.0029636923517736
2017-02-01,-0.0014770025737055,0.0121195035112571,-0.0075175623770807,-0.0012281833564645
2017-02-02,-0.0002562348100548,0.0006272108664953,0.0028773649805011,-0.0006143172013983
2017-02-03,-0.0010043899436966,0.0036978962560634,0.0083522347386129,0.0070397546708351
2017-02-06,-0.0029815263922954,0.0048346911206444,-0.0057769587092519,-0.0055911213124795
2017-02-07,0.0027690041908263,-0.0106747703466943,-0.0001295335660468,0.0046980248434254
2017-02-08,0.0051054522485445,0.0043930938082104,0.0038941481321939,0.0098332065730131
2017-02-09,0.0047029860016032,0.0025435825089066,0.0066728890881346,0.0125262399106853
2017-02-10,0.0,0.0,0.0,0.0
2017-02-13,0.0,0.0,0.0,0.0
2017-02-14,0.0040759350878345,0.0094874670328191,0.0027473009789902,0.0014725240796555
2017-02-15,0.0027889932667251,0.0150998677191851,0.0043634848157665,0.0103847752506056
2017-02-16,-0.005057952047906,-0.0057268709338946,-0.0313725936762098,-0.0014632885473628
2017-02-17,0.0052387742109261,0.0013651596071502,0.0807045420648964,-0.0045612757610643
2017-02-20,0.0,0.0,0.0,0.0
2017-02-21,0.0029409221530374,0.0046416397966131,-0.010771599058839,0.0082958586920809
2017-02-22,-0.0058894946355433,-0.0040940748162875,-0.0120952211913484,0.0031139520780665
2017-02-23,-0.006353725399446,0.0021781607609945,-0.0041553463860009,-0.0033532084053701
2017-02-24,0.0010968316446997,-0.0030042062782794,0.0012597174928856,-0.0028456247078033
2017-02-27,0.0027159713706075,0.0038974615752163,-0.0189137615022386,0.009087366323814
2017-02-28,-0.0085884756375466,-0.0068782235121095,0.0057693395066331,-0.0060003145286442
2017-03-01,0.0057823149526992,0.0097136733072427,0.0069507097151293,0.0020641484069856
2017-03-02,-0.0073003349925164,-0.0024806407345445,-0.0026858823077998,-0.0031318449521787
2017-03-03,0.0010500023909862,0.0001906014687109,0.0021183385005776,0.0014449589362253
2017-03-06,-0.0030155645334307,-0.0100733732615633,-0.0047020958618229,-0.0061024048301046
2017-03-07,-0.0052878547320234,-0.0070444673134935,-0.0042092495057129,0.0003376805030139
2017-03-08,-0.004496082665643,-0.0015629920297336,0.000866496785949,0.0029922427424
2017-03-09,6.917893550140164e-05,-0.0016559643293818,0.0036613223085111,-0.0019793733531613
2017-03-10,0.0054615086050615,0.0026436640815046,0.0007839949504895,2.3533306094947197e-06
2017-03-13,0.0023531500423332,-0.0011108320090382,-0.0026466457633655,0.0109254123007274
2017-03-14,-0.005125601164671,-0.0036736402842071,-0.002436613820594,-0.005225529942614
2017-03-15,0.00905070446421,0.0064962395255394,0.0080551981116836,0.0070087882158194
2017-03-16,0.0019557058832855,-0.0023641156311364,0.0072172651431234,0.006704853028201
2017-03-17,0.0010911894190639,-0.002989316498866,-0.007236022489104,0.0002659816596233
2017-03-20,0.0036823410506978,-0.0007319885797985,0.0019562291531356,-7.185437759826829e-05
2017-03-21,-0.0132416259320428,-0.010798814978234,-0.0086951485594498,-0.0269121225504647
2017-03-22,-0.0006288309140332,-0.0030444567854539,0.0026925812125893,0.007935665536942
2017-03-23,0.006460542637567,0.0025168405911442,-0.0007125778476834,0.0058902941651042
2017-03-24,0.0026633065453245,-0.0003207105882383,-0.0025037199485639,0.0004837213672317
2017-03-27,-0.0001802185144098,0.006930527578594,-0.0038513304013677,0.0012559408438241
2017-03-28,0.0053692872108255,0.0022954595996753,0.003641714413445,0.0043650427674237
2017-03-29,0.0067938276880243,0.0009554860049838,0.0009441186421752,0.0022234729158419
2017-03-30,0.0013364541132649,-0.0046716250563088,-0.0016293868562724,-0.0032637950468461
2017-03-31,-0.0002222007877238,-0.0042790201575781,-0.0029494083602119,-0.0016153779134923
2017-04-03,-0.0041931672539409,-0.0046336156923535,0.0006433945411215,0.0019803182891058
2017-04-04,0.001241131255907,-0.0010016474899683,0.0002861481998737,-0.008156683966722
2017-04-05,-0.0085521826834034,-0.0009232137150546,0.0019408747332878,-0.0027294029621302
2017-04-06,0.0061536922539591,0.0040421246381576,-0.0023229612819923,0.0140481896734092
2017-04-07,0.0005399018995217,0.0033659607329781,-0.0027667504342666,-0.0062894164200681
2017-04-10,0.0032915304831893,0.0013938754437377,0.0026906242394597,0.0067270942245305
2017-04-11,-0.001471581671401,-0.0070319727209107,0.000332751566419,-0.003330212175955
2017-04-12,-0.0051246613182895,-0.0032051103924249,0.0081822360221168,0.0011035304853244
2017-04-13,-0.0066483522784752,-0.0022932027392924,-0.0053967194826065,-0.0090693677347702
2017-04-17,0.007111533626612,0.0009252549620384,0.0031717845417533,0.0093414317900453
2017-04-18,0.0003028373419955,-0.0068474568961154,0.0049067650701419,-0.0011635266072511
2017-04-19,0.0034042634730688,0.000251241298504,-0.0044530364441389,0.0087255886349839
2017-04-20,0.0047768703973063,0.0027520918440642,0.0041415852890966,0.0160964204474394
2017-04-21,-0.0009874755045374,-0.0021879472981082,-0.0041580464842285,0.002587240292144
2017-04-24,0.0082114764191436,0.0075769526158739,0.0116522962692016,0.0136349344802546
2017-04-25,0.0053351917055739,-0.0009044686641437,-0.00030304812417,0.0072203373956865
2017-04-26,0.0038677754035001,0.0061795460949913,-0.0107326839869278,0.0101046979851251
2017-04-27,0.0022245048465381,0.0046370956000154,-0.0017100304909871,0.0008224982919271
2017-04-28,-0.0009722168853423,-0.000330549198289,-0.0052975832888185,-0.0053216287040188
2017-05-01,0.0011921328500281,0.0018218574401136,-0.0078418688263703,0.009553716648105
2017-05-02,-0.0013525894865437,0.0048302527035799,-0.0024983685954618,-0.0094437837168139
2017-05-03,0.000230239804853,-0.0121760027207992,-0.0013451869181534,-0.0138607122836639
2017-05-04,-0.0011564927703537,0.0037360775546531,0.0040299480374084,0.0038560756160812
2017-05-05,0.0140209079359707,0.0044991822780111,0.0012929441244964,0.0169134979603846
2017-05-08,-0.0062866923285119,-0.0064175179220481,-0.0028116044884963,0.0137585794285672
2017-05-09,-0.0003840550668733,0.0033755962548109,-0.0006192194241544,0.0022312888644075
2017-05-10,0.0052380910202056,8.963668618755527e-05,0.0015486560413511,0.0091970927498215
2017-05-11,0.0,0.0,0.0,0.0
2017-05-12,0.0,0.0,0.0,0.0
2017-05-15,0.0049345757891061,-0.0001818098233029,0.0053289713407225,0.0023751651512795
2017-05-16,-0.001710309313097,-0.0035871695192122,-0.0052407131419153,0.0110884889494349
2017-05-17,-0.0167294414813906,-0.0127804609418674,0.0040892762461062,-0.0256850095473305
2017-05-18,0.0018138408194179,-0.0069968989215011,0.0065498780174635,0.0043589844697686
2017-05-19,0.0056028747387693,0.0031134487395196,0.0031621902576517,0.0147158275327765
2017-05-22,0.004875805290986,0.0009671244484359,0.0087756379464751,0.0106763733066053
2017-05-23,0.0020627250897797,0.0027573751760134,0.0065796496009145,-0.0057129036375592
2017-05-24,0.0075554750793145,0.0022309938671518,0.0076441405404741,0.0079103506720732
2017-05-25,0.0030905820948035,0.0016036258060792,0.0041095309479772,0.0084923167744344
2017-05-26,0.0013473146237221,0.0026648542864922,0.0026810116935231,0.0020156593905891
2017-05-30,0.0017101844685984,-0.005492189562151,-0.0047538360076719,-0.0025268394646197
2017-05-31,0.0010794678640431,-0.0001831570300083,-0.0010273907530904,-0.0004316184605643
2017-06-01,0.0061664421465092,0.0103776789449456,0.0072725773307564,0.0119792759460743
2017-06-02,0.0059669062468588,0.0004797716301419,0.0066868293802602,0.0068705161189506
2017-06-05,-0.0088462278776154,-0.0051748084364016,-0.0017819398431518,-0.0004384650836016
2017-06-06,-0.0017587073197087,-0.00219808915546,-0.0030580741542083,-0.0016190209360096
2017-06-07,0.0005931624419839,5.771220577766023e-05,0.0046850170629166,0.0116805843607694
2017-06-08,0.0005157257433496,0.0044636148908163,-0.0097787956915095,0.0091958874858788
2017-06-09,-0.0112608787444018,-0.0001397808986185,-0.0146313789859718,-0.0333534869112727
2017-06-12,0.0009839412845111,-0.0012515121371615,0.0035146809103308,-0.0011352676412264
2017-06-13,0.0072902467244477,0.0014238775408772,0.004396517885977,0.0079232091005203
2017-06-14,-0.0076308756690045,-0.0018428914256094,-0.0006213927095578,-0.0060069090934338
2017-06-15,-0.0060019610249905,-0.0046169474998868,0.0009055966378477,-0.0052136728830126
2017-06-16,0.0035493242900774,-0.0002359059270484,-0.0182303480536194,0.0022767144787647
2017-06-19,0.0067898579175496,0.0086552899380376,0.0049626092099619,0.0204464854534334
2017-06-20,-0.0119685900579596,-0.0010238756155934,-0.0076704203345957,-0.0152387678460385
2017-06-21,-0.0007812222191065,0.0067514355899751,-0.0001626858040407,0.0194658582859117
2017-06-22,0.0039244568860583,0.0078549031252981,-0.0024482094446633,0.0037106223739371
2017-06-23,0.0042958793876077,0.0025612205198162,-0.0018870510389873,0.0120877032186719
2017-06-26,0.0008544309921225,0.0014803457900467,0.0018632911114566,0.000521033458404
2017-06-27,-0.0101981603317961,-0.0090949445219379,-0.0128972791867406,-0.0221399726862617
2017-06-28,0.013718870055865,0.0066182409962898,0.0065481983406592,0.0141860725196603
2017-06-29,-0.0076355000415101,-0.0065212044912705,-0.0184068767532038,-0.0220649805180882
2017-06-30,0.0018867617572522,0.0012897188144176,0.0004595719839983,-6.04684508127562e-05
2017-07-03,-0.0067009034302093,0.0014382334613727,-0.0100119722844858,-0.0055312616779719
2017-07-05,0.0011180596694091,-0.0020039285667488,-0.0047386214035325,0.0117681386649899
2017-07-06,-0.005273534265999,-0.0102800420522026,-0.0104049891434501,-0.0094758362319741
2017-07-07,0.0056797142406586,0.0002391142498152,0.0031200904390396,0.0067186096279945
2017-07-10,0.003549578509632,0.0005465986510917,-0.0031778463789557,0.0142039581494703
2017-07-11,0.001229761228124,0.0024115085947744,0.0090612079547665,0.0081415913409772
2017-07-12,0.0085790213272733,0.0096101447824903,0.0108211623032445,0.0133341475303241
2017-07-13,0.0012023100397835,0.0033036012261109,0.0023598741137627,0.0014736793255984
2017-07-14,0.002350621812309,0.0008797352032292,0.0081140370901098,0.0105209287605054
2017-07-17,-0.0009640864163712,0.0006820190471614,-0.0004571281887844,-0.0045091571569113
2017-07-18,0.003025294532831,-0.0028680208475051,-0.0009281240644227,0.015521091348202
2017-07-19,0.0083118765870644,0.0029205789750541,0.001062781141552,0.0044439940186957
2017-07-20,0.0012559281666508,0.006207590468267,0.0023617840538106,-0.0042161822430576
2017-07-21,0.0024720266205318,0.0014915509197945,0.0031006946623357,0.0016140914839586
2017-07-24,-0.0019512940325131,-0.0015029901152855,-0.0005188606457919,0.0036578806973981
2017-07-25,0.0033070468063141,0.0024515598995962,0.0106123994654694,-0.0032222281310944
2017-07-26,0.000403327628744,0.0013691595019111,0.0020470854971861,0.0096384851896231
2017-07-27,0.0079390753609525,-0.0049549162521771,0.0058549098697835,-0.0074905584384485
2017-07-28,0.0005181484276393,-0.0013393661242195,-0.0037994939258759,0.0056991514772883
2017-07-31,0.00779966900938,-0.00089275579181,0.0001708679091789,0.0058723109846918
2017-08-01,-0.0023684982338975,-0.001991121188553,-0.00982131114321,0.005301863293446
2017-08-02,-0.0037260186959722,-0.0091554000971508,0.0010753632972972,-0.0078435638672701
2017-08-03,-0.0035507524474066,-0.0232753983524643,-0.0041918277531755,0.0020812151393527
2017-08-04,-0.0023397330137765,-0.0145476638022955,0.00183849830401,0.0069777771040804
2017-08-07,0.0001015413245883,-0.0111050528333577,0.0026026808957908,0.0104650711099647
2017-08-08,-0.0005529119959191,-0.0060670890427303,-0.0076787849614492,0.0030902475166223
2017-08-09,0.0049939363723379,-0.004020929566298,0.0021772082178272,-0.0013105902949561
2017-08-10,0.0,0.0,0.0,0.0
2017-08-11,0.0,0.0,0.0,0.0
2017-08-14,0.005971512132501,-0.0039524920362116,0.0082208287596852,0.0069778754776725
2017-08-15,-0.0041068032448268,0.0024673114912872,-0.0015897074142607,-0.005011616065032
2017-08-16,0.0016502255787653,0.0021095052868007,0.0040933237860709,-0.0005232086572143
2017-08-17,-0.0080780917396583,-0.007077565628672,-0.0166291440531247,-0.0237251937394554
2017-08-18,0.0001706737329658,0.000431079370512,-0.005368132317858,-0.001012976605727
2017-08-21,0.0028306715735217,-0.0021805841907402,0.0013530711930536,0.0085245555767043
2017-08-22,0.0049165006215867,0.0050278108941976,0.0064226552217805,0.0130202091319135
2017-08-23,-0.0038156942633887,-0.0035864310044972,-0.0046039643954314,-0.0013390761914561
2017-08-24,-0.0012830573803123,0.00256226128493,-0.0173369870650471,-0.0029395081338611
2017-08-25,-0.0010210738043243,0.000686763764478,0.000154676166971,-0.0147043146349377
2017-08-28,0.0020920841131359,0.0022771496071805,-0.0042005552978887,-0.0025286284049972
2017-08-29,0.0004399499544995,-0.0018468691415201,-0.0063292809242786,0.0052185098159507
2017-08-30,0.0039147454870176,-2.511228218993189e-05,0.0059458289438418,0.0145015638104053
2017-08-31,0.0049426898240247,0.0126242477991247,-0.0078110874673201,0.0091991748332271
2017-09-01,-0.0012267626241193,0.0011078831430224,0.0013430776700726,-0.0004935288943018
2017-09-05,-0.0012940579887958,-0.0114692090986613,-0.0009376795623196,-0.0099719640220659
2017-09-06,0.0020531115088469,0.0021471417547025,0.003270731749192,0.0038603372063503
2017-09-07,-0.0011914544779159,-0.0014209625882791,0.0002418960098991,0.0066700913042381
2017-09-08,-0.0030517930965019,0.0007493052635361,0.0025130701156728,-0.0033061925733047
2017-09-11,0.0008169833220015,0.0146524793666247,0.0109151951516557,0.0120660040200477
2017-09-12,0.0031367196739584,0.0023781995418867,-0.0012630277089136,0.0082871787300002
2017-09-13,0.0019832114363516,-0.005226595718398,-0.0022060977675389,0.0141139667889618
2017-09-14,-0.0030702387815954,-0.0085872325361064,-0.0065024306760235,-0.001689454911865
2017-09-15,-0.0001580085016125,-0.005298631940153,0.0015786121296412,-0.0015271391825171
2017-09-18,-0.0006711464804651,-0.0030602351181659,0.0002948014380017,0.0067854886157334
2017-09-19,-0.0039166415922936,0.0008392091365119,-0.0059484108865323,-0.0006757303000657
2017-09-20,0.0005470322039415,0.0001414470714637,-0.0062190854982353,-0.0032258847692191
2017-09-21,-0.0040992602030849,-0.0043759645908248,-0.0070752515077425,-0.0062248890097874
2017-09-22,0.0001852098967356,0.0013705577426363,-0.013758800443461,-0.0024176738446207
2017-09-25,-0.0046574736816823,0.0034312748029687,0.0083924363909371,-0.0217176553922873
2017-09-26,0.0004910495960175,-0.0038147964658891,0.0020202468118595,-0.0060810984050556
2017-09-27,0.0070038398032932,0.0059212486110509,-0.0017388039401172,0.003454595325337
2017-09-28,-0.0010840234449496,-0.0066536397664781,-0.0022616699720738,-0.0065584809457585
2017-09-29,0.0045605447595515,0.0061695101299037,-0.002373998726035,0.0036799360008941
2017-10-02,0.0017085855863117,0.0119394017009724,0.0054047462058794,0.0095578463402714
2017-10-03,0.0021023056430264,-0.001287804264662,0.0034035271024868,0.0079647166300147
2017-10-04,0.0001051435402872,0.0105854758546299,-0.0009323771494803,-0.0045901898099023
2017-10-05,0.0025190368146301,-0.0021413677575039,0.0059480462316765,0.010978508602524
2017-10-06,-0.0013556762843162,-0.0013536756240436,-0.0012913122340144,-0.0004112627178566
2017-10-09,-0.0032945088837907,-0.0047994566260951,-0.0120724696847825,0.0008484404091435
2017-10-10,-0.0005727357258586,0.0019263726177505,0.0093419134894965,0.0090585099774826
2017-10-11,0.0022381882881814,2.3997582009327445e-05,0.0012386112826106,-0.0041417300638592
2017-10-12,-0.0048920549692285,-0.0084592116485909,-0.0016733798927005,-0.0125632027435229
2017-10-13,-0.0007666831404501,-0.0025272345940851,-0.0023761364192184,-0.0002609100148944
2017-10-16,-0.0010302680495015,-0.0069194341575226,0.0009269849717479,0.0065114449083305
2017-10-17,-0.0010278048839236,0.0016289421704884,-0.0028825056480122,-0.0042187541858401
2017-10-18,-0.0011672797291896,-0.0071505673815557,-0.0024599284711805,0.0049491795840352
2017-10-19,-0.0020630411298739,0.0053591261511676,-0.0062750260750916,-0.0106059703072379
2017-10-20,0.0022711554898315,-0.0006025521489164,0.0044987686395328,0.0028195580177672
2017-10-23,-0.0042551917688895,-0.0042916754753763,0.0025131802165481,-0.0087890135152455
2017-10-24,-0.0040258756936359,-0.0017262963011349,0.0035470264908241,0.0020993515183995
2017-10-25,-0.0024720479884688,-0.0018052351057437,-0.0007683555475601,-0.0084654842292801
2017-10-26,-0.0140205721395179,-0.0074415783655797,-0.0038361170101778,-0.0126917004250727
2017-10-27,0.0031421723136784,0.0003737517998001,9.108339447783108e-05,0.0176945938853836
2017-10-30,0.0025956037809484,-0.0041753447754458,-0.0208719017475627,-0.0012310991917576
2017-10-31,0.0073447281354441,0.0006775700971604,0.0192973909091398,0.0056159361302128
2017-11-01,0.0013824541036131,0.0092205581517081,0.0049440319666183,0.0014636263449891
2017-11-02,-0.0010803600345017,-0.0224534148718956,0.0032700294741789,0.0064204153343168
2017-11-03,-0.0023546657536244,0.0007213122374176,0.0003598112591125,0.0041942012342475
2017-11-06,0.0085624180632979,0.0085677299486228,-0.0086976993774292,0.012868800541669
2017-11-07,-0.0033707508935245,-0.0266366197732303,0.008715212437625,-0.0005906355203499
2017-11-08,-0.0007817844520363,0.0044502788865368,0.0102953041597657,-0.0013825617287943
2017-11-09,-0.001423826145869,0.0048918320929129,-0.0023715760179962,-0.0112895340252003
2017-11-10,0.0001818286818073,0.0008755546158478,0.002748548796865,0.0014508510833326
2017-11-13,0.0,0.0,0.0,0.0
2017-11-14,-0.008979054352733,-0.0034178864220547,-0.0054969954302955,-0.0148129697425137
2017-11-15,-9.265499205945992e-05,0.0023635807771293,-0.0056217801475365,-0.0035824016057094
2017-11-16,0.011638910410032,0.0068721708176389,0.017611020807049,0.0170441124965921
2017-11-17,0.0043259529060888,0.0021945826126392,0.0002324990525632,-0.0052271628496138
2017-11-20,-0.0026022008283402,-0.0061448196830585,0.0038307340067218,-0.0066015768927125
2017-11-21,0.0043535619852848,0.0021299927431248,0.0029167237699994,0.0102907976085708
2017-11-22,0.0015720571131865,0.0068698061002574,-0.0023824817550547,-0.0067118038924891
2017-11-24,-0.0003690623308612,-0.0001066599937763,0.0004643142094566,0.0003844032339239
2017-11-27,-0.0097147069556886,-0.0034994500985474,-0.0020322374948665,-0.0093718862644712
2017-11-28,0.0081115200796737,0.0018325021998106,-0.0020633397874193,0.0025265774604923
2017-11-29,0.0013092280407982,0.0035333794703429,0.0199176119386563,-0.0176372605782881
2017-11-30,0.0008450317077828,-0.0040376923437924,0.0049746417454934,0.0016924353057863
2017-12-01,0.0058087231789121,0.0015313161866772,-0.0017280062124329,-0.0039152202829427
2017-12-04,-0.0069669268898908,-0.0046682862368148,0.0074740473190291,-0.0129903592797616
2017-12-05,-0.005089362725724,-0.0040809036370708,-0.0117997029402773,0.0019149421387285
2017-12-06,-0.0091936006713643,-0.0047181406192857,0.0019697047668227,0.0185093036172128
2017-12-07,0.0023699757769992,-0.0003911760027857,-0.0089492552242113,0.0093783613658431
2017-12-08,4.001811310772041e-06,0.009304831496367,-0.0062972627941881,0.0048782547377324
2017-12-11,0.0085020665720714,0.0100884413936406,0.0006018567540786,0.0070691507378415
2017-12-12,-0.0054856484314083,0.0004314024600622,0.0061613981149704,-0.0022501915425426
2017-12-13,-0.0013363403170467,-0.001380847245485,0.001946305186075,0.0110064029114556
2017-12-14,-0.0011571219100983,-0.0020992689152209,-0.0040882930930351,-8.172907816494934e-05
2017-12-15,-0.0012937541710215,0.0039468395487671,0.0065523243227867,0.0089349863055836
2017-12-18,0.0041316561846607,0.00889079859401,0.0008978836323734,0.007729925514843
2017-12-19,-0.0091960451748493,-0.0043645764482512,-0.00908034991158,-0.0008315817113166
2017-12-20,-0.0038904579003495,-0.0015580821221198,-0.0102560981470636,0.0008539999449594
2017-12-21,0.0137789246463344,0.0074027695893479,0.0063147075612874,0.0112804762874114
2017-12-22,0.0005436018251012,-0.0039642311297064,0.0035432579238905,0.0006067628138657
2017-12-26,-8.584938228484162e-05,0.0013067852988759,-0.0011698510372851,-0.0030181446507874
2017-12-27,-0.0033608894895142,-0.0009155048645745,-0.0015480391670876,0.0002390037360386
2017-12-28,0.00742402547329,-0.000591922801855,0.0007613912992341,-0.0015826645532042
2017-12-29,0.0021965464859932,-0.0006620509326209,-0.0027535439802381,-0.0010174295824137
2018-01-02,0.0145463790583808,0.0150448657926156,-0.0047835972331421,0.0310173084513427
2018-01-03,0.0046575491136982,2.7067263962843317e-05,0.0019788283028481,0.0056762803674192
2018-01-04,-0.0009143824166203,0.0041964834186363,0.0107427921505658,0.0040648275647185
2018-01-05,0.0040715770740902,0.0008232946317143,0.0007367408538174,0.0220227126659806
2018-01-08,0.0044725934987883,-0.0037386790684341,0.0050850846082459,0.003434925115233
2018-01-09,-0.0010275182834915,0.0008722620329566,0.0017890783888667,0.0007083055966194
2018-01-10,-0.0027527703070852,-0.0022902781852294,-0.005720022551929,-0.0047806586154326
2018-01-11,0.0105405614122051,0.011772562120238,-0.0020627918011804,0.0176617977997195
2018-01-12,0.0025896530782938,0.0024181044293505,0.0038073505581051,0.0025937230596293
2018-01-16,-0.0051258766054341,-0.0055525365715356,0.0096458549923397,-0.0119617536141701
2018-01-17,0.0082487797468462,-0.0024846340241841,0.0136503030257415,0.0084719725192603
2018-01-18,0.0023606428585321,-0.0007237896315659,-0.0073882980219182,-0.0007166804364577
2018-01-19,0.0047711887198493,0.001870223666226,0.0053311291047732,0.0032582968511243
2018-01-22,0.0077162001750545,0.0094707193362675,0.0071791550054869,0.003236421204952
2018-01-23,0.0002109011520277,0.0002021631030482,0.0010838415595693,0.0082531592983758
2018-01-24,0.0014190228230601,-2.81819070705458e-05,-0.004213843527896,0.0109313912787987
2018-01-25,0.0008199745702828,-0.001690102112605,-0.0016411198476704,0.0155866525143892
2018-01-26,0.0052675902077672,0.0022815466742234,0.000410258995503,0.0257527997151749
2018-01-29,-0.0075703789447396,-0.0051630141964995,-0.0107726407486054,-0.007115179205256
2018-01-30,-0.0036619929442665,-0.0145031230105079,-0.0010821248065066,-0.0113714356806263
2018-01-31,0.0010241426047123,-0.0037270557297108,0.0001266062777092,0.0043072488521298
2018-02-01,-0.0020846605981778,0.000545194391305,0.0015003749104973,-0.0144098115418193
2018-02-02,-0.0005589915478196,-0.0141175491446696,-0.0177226144693279,-0.0206590436385388
2018-02-05,-0.0257942264707838,-0.0213001843324525,-0.0371257900849855,-0.0330110392401223
2018-02-06,0.0014470833229334,0.0075328372979184,0.0075705891657815,0.0174410366177943
2018-02-07,-0.0016891378794977,0.0020480692524682,-0.007242150834372,-0.0054668881854462
2018-02-08,-0.0265909244382587,-0.0234934669764373,-0.0296508069927117,-0.0448063332948557
2018-02-09,-0.003157958332794,-0.0009967501351224,0.0011070516565778,0.0089734507612704
2018-02-12,0.0157512304089568,0.0068716862012871,0.0099621838124215,0.0161975385781212
2018-02-13,0.0,0.0,0.0,0.0
2018-02-14,0.018339237456076,0.0143458597701875,0.0062893662070291,0.0201234713461762
2018-02-15,0.0222357121154808,0.0070070599954581,0.0103044503952536,0.0132899496606198
2018-02-16,-0.0014533258761028,0.0006127390737649,-0.0168774322784711,0.0005176763741232
2018-02-20,-0.002553178300237,-0.0038567208731321,-0.0224788125651447,-0.0005125644254782
2018-02-21,-0.0050561063279982,-0.0053190429689127,-0.0128249861356725,0.0007351906046846
2018-02-22,-0.0042487224426606,-0.002516487984923,0.0016262577128467,-0.0006760305931147
2018-02-23,0.0136101625617937,0.0058622452131009,0.0184076197174534,0.0165256676437679
2018-02-26,0.0039843071386078,0.0061454025422276,0.0095464627022492,-0.0014123395947251
2018-02-27,-0.0183347737741054,-0.0078561880887829,-0.0211098532305128,-0.0125539809353497
2018-02-28,-0.0106682437292986,-0.0112242333021216,-0.0114768418830865,-0.0028096818796411
2018-03-01,-0.0088918753119068,-0.002514028602549,-0.0043760627201787,-0.0102293865166843
2018-03-02,0.0058189184188108,0.0045930984008371,0.0037872656600299,0.0040374127399345
2018-03-05,0.0110589034007138,0.0099966573505068,0.0057904839826923,0.0079315213364905
2018-03-06,0.002313860950559,0.0077588453431269,0.0035311645088698,0.0086654792172087
2018-03-07,0.0031813715932695,-0.0016369509613906,-0.0025101158573431,0.0077096420951341
2018-03-08,0.0036826168570462,0.0001058846998287,0.0034200362108325,0.0071678927627365
2018-03-09,0.0089346850792673,0.0045830367898587,0.006095663249191,0.0209858984731892
2018-03-12,0.0022168385065799,0.0008234869228815,0.0053852355282637,-0.0025747458634839
2018-03-13,-0.0148217603583384,-0.0019280320490953,-0.0070915305969907,-0.0099284534107242
2018-03-14,-0.0064794886394233,0.0005685984064109,-0.0111306963897059,0.0020499314408235
2018-03-15,-0.0048137020844599,-0.0045206057237262,-0.0124328242293082,0.0039549410254329
2018-03-16,0.0027880454429132,0.0044632859570785,0.0003682263690452,0.0006169378065199
2018-03-19,-0.0115232461452536,-0.0124624223484628,-0.0179478890379011,-0.0090229061602262
2018-03-20,-0.0033590804785031,-0.0073336701325913,-0.0075439803610916,0.0038564839082166
2018-03-21,0.0053998778884285,0.0047424593742557,-0.0131271987893093,-0.0040433157378889
2018-03-22,-0.0177873511885723,-0.0116469030656057,-0.0230792859949602,-0.0221917566111989
2018-03-23,-0.0165585462364543,-0.0105304243780181,-0.0112743538866885,-0.0097158782240243
2018-03-26,0.0076196402674444,0.0087557653072141,0.0249167810685833,0.025326474383525
2018-03-27,-0.0180472636679658,-0.0050192753673874,-0.0154148179311651,-0.0242680202575074
2018-03-28,-0.005905426371714,0.0032758461827335,0.0074551248466256,-0.0099090371923311
2018-03-29,0.0119955279510772,0.0078009940609709,0.0140978435219112,0.0166267213784383
2018-04-02,-0.0221975267339158,-0.0165173320133752,-0.0305211975863158,-0.0196988949506788
2018-04-03,0.0050248842645135,0.0068228993076682,0.0062226275765717,0.0084993208749655
2018-04-04,0.014780997111145,0.0036205374197972,0.015293525418931,0.0060175302250156
2018-04-05,0.0113862721753192,0.0032195293694088,0.0013328273640078,0.0051868434263844
2018-04-06,-0.0159006008628491,-0.0112513127025536,-0.01448713930354,-0.0148562478483397
2018-04-09,0.0007763487159337,0.0023652438907268,0.0018692169263156,0.0007803328209143
2018-04-10,0.010863851236067,0.0169559093467983,0.0085245467676329,0.0174082237977326
2018-04-11,-0.0017621745579617,-0.0017900688615796,0.000830787843195,-0.0011272686901138
2018-04-12,0.0120339277963092,0.0021023927586591,-0.0034955026277637,0.0048019377470571
2018-04-13,-0.0069605296762199,-0.004590164270759,-0.0020653993678135,-0.0054484799390788
2018-04-16,0.0107998992605184,0.0041909586489619,0.0059404245063185,0.0044729635458513
2018-04-17,0.0069333524273642,0.004547341026428,0.0059651752901617,0.0190437155277181
2018-04-18,0.0057703715074814,0.0028091725183703,-0.0061387582431031,0.0050434265387879
2018-04-19,-0.0086055476598537,-0.0059441599857777,-0.0126933680650581,-0.0003055080461564
2018-04-20,-0.0078104645432689,-0.0049895149017333,-0.0187030492587404,-0.0087443101016663
2018-04-23,0.0027672575376491,-0.00078941412914,-0.0081458713207949,-0.0058415490593136
2018-04-24,-0.0104666108021633,-0.0027914718920178,-0.0156453091579845,-0.0112889060996851
2018-04-25,-0.0001986070106487,-0.0020361829673858,0.0030212286180322,-0.009719725379401
2018-04-26,0.0071269438205083,0.0044157425194157,0.005723550744288,0.0186635514185495
2018-04-27,-0.0327112671919838,0.0001419879033226,0.0016632097033744,-0.0052454440817498
2018-04-30,0.0045382109279628,-0.0118059508358037,-0.0150024890602663,-0.0014349060348231
2018-05-01,0.008046224834554,0.0011565987635109,-0.0062305761056118,0.0053259630288984
2018-05-02,-0.0079230244358313,-0.0114480976477135,-0.0194542012399265,0.0001307839328812
2018-05-03,-0.0055837317434026,-0.0106059184450733,0.0088831431327431,0.0008221768615728
2018-05-04,0.0133628165762964,0.0069092707498574,0.0426374697791798,0.008793980101647
2018-05-07,0.0080470813414137,0.0029942300226415,0.0104279372488189,0.0089535028574356
2018-05-08,-0.0037925284571233,-0.0108214556064815,-0.0013543402178284,-0.0009460812103208
2018-05-09,-0.0018443809417807,0.0073092904883267,-0.0013410120122161,0.0024383583494784
2018-05-10,0.0097226286328415,0.0104011919634261,0.0095936336132842,0.0040046021778152
2018-05-11,-0.0047166690536304,0.0009820672892257,0.002624494836996,-0.0041245843154387
2018-05-14,0.0,0.0,0.0,0.0
2018-05-15,-0.0007258951883974,-0.0014088251086951,-0.0031894869534893,-0.0146059182556181
2018-05-16,0.0086372496815008,0.0062443795687019,0.005479526715449,0.004309951740359
2018-05-17,-0.0019554898482433,0.0025238862113898,-0.0062671426703295,-0.0051397703110482
2018-05-18,-0.0043573402816527,-0.0026724722605544,-0.0128318947916761,-0.0022119085234137
2018-05-21,0.0025033937154796,-0.001195254097047,-0.0011529443740153,0.0103699389459641
2018-05-22,-0.0023452003618733,0.0011677864066508,-0.0002396535730574,-0.0024545894372361
2018-05-23,-0.0008987072156005,-0.0006585518866333,0.0050618310697503,0.0111077323715129
2018-05-24,-0.0021598731520328,-0.0022293461142168,0.0008800720205921,0.002245333980654
2018-05-25,0.0021459323544108,0.0021602180693875,0.0082994914588945,-0.0009161259763232
2018-05-29,-0.0107139412092611,-0.0053028908034797,-0.0093725742409175,-0.009612724501286
2018-05-30,0.0046528982246956,0.0041306481509035,0.019949822828378,0.0069136150859512
2018-05-31,-0.0080537112630738,-0.0060341030577475,-0.0174069594792759,0.0022841621368632
2018-06-01,0.00521225387095,0.003764353989931,0.0051580803356605,0.0134897408164043
2018-06-04,0.0059888733839361,-0.0043680539569911,0.0110733459956842,0.0095766156806702
2018-06-05,0.0007576304156247,0.0069783161104464,-0.0061923826278506,0.0095526624255619
2018-06-06,0.0107182734704385,0.0099150934057119,0.0043353014581817,0.0105874747617527
2018-06-07,-0.0009234858488313,0.0091950545715373,-0.0020862211530684,-0.0136336395125709
2018-06-08,0.0017949559480165,0.0078051247919075,0.0100826337942925,0.0085746657126521
2018-06-11,0.0052653463121443,0.0045337254941726,0.0161312096951138,-0.0006087303092651
2018-06-12,0.0049783202936295,0.0004311057876167,0.0029661503921774,0.0117729779173547
2018-06-13,-0.0061183259141142,-0.000856140336197,-0.0021148506278749,-0.0075633640661074
2018-06-14,0.0049356039132109,-3.861006278826906e-05,0.0063988047771168,0.0185291059625056
2018-06-15,-0.0018776196510145,-0.0006264075459432,0.011291370636155,-0.0070208252275894
2018-06-18,0.000310720739475,-0.0002630891384365,-0.0081149137232382,0.0027791427562597
2018-06-19,-0.0034627697571553,0.001863549205481,0.0098209985178128,-0.0056931406108806
2018-06-20,0.0044063075201621,0.0056945831021251,0.0095433301497387,0.0075168411750963
2018-06-21,-0.0053831736101841,-0.0054937091593212,-0.0074096246986919,-0.0114275659731859
2018-06-22,0.0034064307371257,0.0049661868479351,0.0069029622040579,-0.0015415011766199
2018-06-25,-0.0143422145565479,-0.0072272209512381,-0.0046596969652615,-0.030269659937828
2018-06-26,0.0034993016773072,-0.0015912855699516,-0.0018144565838218,0.0053452814278605
2018-06-27,-0.0108536994003133,-0.0080752972990373,-0.0090687347765202,-0.021169587543957
2018-06-28,0.0041810850892765,5.792955316485937e-05,0.0023983514828909,0.0103875793759511
2018-06-29,-0.0006925859084643,-0.0022123087331951,0.0005399385495616,0.0009169026904409
2018-07-02,0.0001502600349869,0.0020832861810362,-0.0061295732802398,0.0068014143716799
2018-07-03,0.0007530720347461,-0.0017488607479899,0.0038526893253845,-0.0068757607535997
2018-07-05,0.0066011844012774,0.0052795304027668,0.0147159358188624,0.0084806288415235
2018-07-06,0.0126433147634479,0.0095950784592577,0.0074225859002994,0.0146422245243691
2018-07-09,0.0086799336920428,0.0052558378266056,0.0004905751117563,0.0044544868025913
2018-07-10,9.735090013673895e-06,-0.0016920341896727,0.000456805199666,-0.0072341035746624
2018-07-11,-0.0069649109832915,-0.010102429581505,-0.0060401026792927,-0.0068741097934866
2018-07-12,0.0063490345863355,0.0043750926918868,0.0025124818084025,0.0109165529353396
2018-07-13,-0.0010318922271076,0.0010248105433197,0.002660081866155,0.0002833401447144
2018-07-16,-0.0008546635062638,-0.0054621477401111,-0.0116062735929334,-0.0020553638720919
2018-07-17,0.0001299611470508,-0.0024242102529565,0.0046084119052574,0.001477298127765
2018-07-18,-0.0001182395266565,-0.0014672417602572,-0.0121268830853815,-0.0032268452219177
2018-07-19,-0.0041760699277006,-0.0046556041879564,-0.0043245516443589,-0.0076756966181344
2018-07-20,-0.001612131857665,-0.0016952669684223,-0.0058977706913841,-0.0039372905873606
2018-07-23,-0.0021181189200843,-0.0013903519068328,-0.0022873262740245,0.001666597367613
2018-07-24,-0.0051000611350568,0.0009250244850127,-0.0076296451980187,0.0009831064320657
2018-07-25,-0.0010949916378339,0.003550778509086,0.0034873307481277,0.0202411168576086
2018-07-26,0.0019380216373972,-0.0030435910276164,0.0068020949991742,-0.0211188880879446
2018-07-27,-0.0089054834297936,0.0003726351434487,-0.0066230248302473,-0.0144168785608101
2018-07-30,-0.0048301858248164,0.0047145503349035,-0.0023089837299197,-0.0245836019791302
2018-07-31,0.0104582116068276,0.005690295888443,0.0013620965651006,0.0047801885028384
2018-08-01,-0.0153301285505942,-0.0051117160797042,-0.0112226547264547,0.0001351995943554
2018-08-02,0.0024268901456312,-0.0009817326799987,0.0027289708840456,0.0091810352443264
2018-08-03,0.0017961943625666,0.0136299157027899,0.0544249709903104,-0.001707129413711
2018-08-06,0.0066613353994688,0.0056362417704618,-0.0216114622224422,0.0088517389697986
2018-08-07,-0.0018678219503058,0.00336296546414,-0.0081976360371414,-0.001567836756114
2018-08-08,0.0020175711216237,0.0059671960214433,-0.0102458958465075,-0.0042211668085712
2018-08-09,0.0045632160293758,-0.0046524351137653,-0.0046231105363889,-0.0015897921495776
2018-08-10,-0.0055776095042764,-0.0024461362878049,-0.0063001285018072,-0.0165371059314745
2018-08-13,0.0,0.0,0.0,0.0
2018-08-14,0.0006927269292613,0.0057052625602198,0.0055012305958297,-0.0050020435668922
2018-08-15,-0.0115411682848924,-0.0082536409038511,-0.0058822822828629,-0.0193552282307796
2018-08-16,0.0113232475837097,0.0041265977389544,0.0218625281837063,-0.002615425087784
2018-08-17,0.0014580485341373,0.0037353713354033,0.0100697419673358,-0.0093063084402681
2018-08-20,0.0016514079133886,0.0073603840718361,-0.0003223601368902,0.0093797530908039
2018-08-21,0.0106945900159365,0.0068438982576206,-0.0077038846192809,0.010367998491463
2018-08-22,0.0011317218829265,-0.0027843734940043,-0.0040949595650384,0.0074645188683988
2018-08-23,-0.0046279706214734,-0.0050663683184626,-0.0103238440311549,-0.0100975196764329
2018-08-24,0.0066743029488254,0.0042286122263521,0.0046908863260917,0.0123503426748294
2018-08-27,0.0052381902554854,0.0019958705801674,0.0086387937214267,0.019590328356746
2018-08-28,0.0006460804751711,0.0012355799637433,-0.00653713202964,-0.0056769083358175
2018-08-29,0.0035779421325641,0.0027762667647253,0.0062336247854528,0.0018787921144431
2018-08-30,-0.0073276115604709,-0.0019271312083709,-0.0161744592123271,-0.013139368197211
2018-08-31,0.0030718179549145,0.0007518961029824,0.0031176101676426,-0.000409927502484
2018-09-04,-0.0015790007564637,-0.0041591360461323,-0.01768777565408,-0.014064885019449
2018-09-05,-0.0066770760550461,-0.0018991734919434,0.0003066478851021,-0.0408470076789013
2018-09-06,-0.0083702828280106,-0.0043728320710345,-0.0029106873664604,-0.0035219297244599
2018-09-07,0.0021573138237083,-0.000861746501452,-0.0030028150624592,0.0023029191869432
2018-09-10,0.0045524790176814,3.62956618598087e-05,0.0089840164519139,-0.0013462208485077
2018-09-11,0.0019533264736444,-0.00428749600975,0.0071888913353723,0.006222004032079
2018-09-12,0.0027152073316902,0.0099843464225615,0.0147849231406225,0.0038803177817081
2018-09-13,0.0061996927326979,0.005500948151643,0.0075706910899695,0.006022653546335
2018-09-14,0.0043304112056063,-0.0031472678570872,-0.0048128944194379,-0.0022566899007792
2018-09-17,-0.0076570218032155,-0.0060638837455934,-0.0087865727017354,-0.0213804875767533
2018-09-18,0.0071357864204613,0.0043866245389749,-0.0101754686775816,0.0078807111081409
2018-09-19,0.0021234096987843,0.0026727298079747,-0.0012234494718722,0.0054408592697827
2018-09-20,0.0044272233446502,0.0062026806893409,0.0098473585038061,0.0114306356528126
2018-09-21,-0.0017242490236488,-0.0003702158638918,-0.0064885702065291,-0.001484891756885
2018-09-24,-0.0070731493855902,-0.0052872230520957,-0.0110713847128725,-0.0032085761394815
2018-09-25,-0.0024188870682934,-0.003652529768253,-0.0118737105517658,0.0049002538192823
2018-09-26,-0.0050426020915603,-0.0025454825690907,-0.0067726214719406,0.0075760372591424
2018-09-27,0.0035268641204164,0.0034823051397061,-0.0011431421452552,0.0051094569841112
2018-09-28,0.002185999481846,0.0020452628483906,-0.0014764537875477,-0.0026839094215281
2018-10-01,-0.0040458998956116,0.0002508813920356,0.0061810703557521,-0.0052497126334419
2018-10-02,0.0015618134374351,0.0052138397225431,0.0014704350511609,-0.009740844662098
2018-10-03,0.0025745181017289,0.0014556101397438,-0.0037722579448735,0.0029834842802145
2018-10-04,-0.0102056060334595,-0.0086625196790298,-0.004069290879427,-0.0274584331178563
2018-10-05,-0.0106092170939606,-0.0043028262397275,-0.0006838080813316,-0.0150043713334517
2018-10-08,-0.0032684941446244,-0.0006709519716957,0.013890084236912,-0.008057520629305
2018-10-09,0.0016125263674204,-0.0006487808613754,-0.012481542893821,-0.0031105348424681
2018-10-10,-0.0293430823723652,-0.0109697304171108,-0.0151927211800253,-0.0538161202813216
2018-10-11,-0.0128472635503756,-0.0137904546731866,-0.0271308682726881,0.0014848209948148
2018-10-12,0.0107408540981783,0.0062811391791781,0.0092892247868907,0.031262340280427
2018-10-15,0.0015870926411105,0.0027783514853574,0.0041251240077868,-0.0047677583888653
2018-10-16,0.021176507702604,0.0133278245662256,0.0188828855835603,0.0320579649979706
2018-10-17,0.0098519475743985,-0.0004354357838135,0.0104747164757028,-0.0073468695224517
2018-10-18,-0.0106732464834674,-0.0053355410325681,-0.0137763197129776,-0.0292403325706565
2018-10-19,-0.0147725850265394,0.0019801514947368,0.0237418811825516,-0.0100303562800782
2018-10-22,-0.0120415182551375,-0.0052047136712466,-0.0173051713566889,0.010424353201887
2018-10-23,-0.0057904869945416,-0.0039954397617663,0.0032687646701314,-0.0044785168295427
2018-10-24,-0.0291922133247609,-0.0320994283132243,-0.0211689398219915,-0.0493696356299041
2018-10-25,0.0215495016937063,0.0080357580721099,0.0080641865001584,0.0395484585734915
2018-10-26,-0.0194035579094046,-0.0077178601647971,-0.024951169076115,-0.0150432702486256
2018-10-29,-0.0088625693043251,-0.0005392257408485,0.0095966721504918,-0.0266349843407645
2018-10-30,0.0170686029647364,0.0050534512463342,0.0091683405396454,0.0203524931826226
2018-10-31,0.015615495394285,0.0057911958641196,-0.0024825043427052,0.0385887987806607
2018-11-01,0.0155454604144227,0.0223721555140679,0.0223483710566925,0.0201846156624423
2018-11-02,-0.0008782597778753,-0.0041163957869176,-0.0639059323288092,-0.012466483120162
2018-11-05,0.0029881028124518,0.0017820771447052,0.0226998785854291,0.0019782171555637
2018-11-06,0.0024186983009912,0.0187538230928685,0.0145267044789523,0.0016943051145668
2018-11-07,0.0133373603342135,0.005448990788565,0.0119015552973711,0.026836499392856
2018-11-08,-0.0100452791023258,-0.0048413797569396,-0.006051663515695,-0.0285070636514606
2018-11-09,-0.0121453961756438,-0.0068376110245589,0.0041500166491086,-0.0186388407873913
2018-11-12,-0.0181838278612163,-0.0096063804285548,-0.0105538385378942,-0.0215589307289384
2018-11-13,0.0,0.0,0.0,0.0
2018-11-14,-0.0019169489215353,-0.0083044662162912,-0.0105773610817097,0.0062891767677728
2018-11-15,0.0068864564504629,0.0068063845733374,0.0009005689365682,0.0197732547629141
2018-11-16,0.0053771932437147,-0.0002107503553873,-0.0022110248944868,-0.0090010791566643
2018-11-19,-0.0172766950636567,-0.0121873122726851,-0.0092457316093941,-0.0487502049913541
2018-11-20,-0.0222151689448658,-0.0163061580532146,-0.018707237986166,-0.0170588722738875
2018-11-21,0.0129914977556324,0.0094980284953893,0.0090859150779554,0.0181229576818151
2018-11-23,0.0017199877866092,-0.0007385348062716,-0.0011309970770422,-0.0096797475164767
2018-11-26,0.017137015274625,-0.0022143768179496,0.0071413619427818,0.0377166374130333
2018-11-27,0.0051434392657183,-0.000801199444699,0.009636225508482,0.003721958207469
2018-11-28,0.0147480956890881,0.0137229400033023,0.0037497507487969,0.0279617855266474
2018-11-29,-0.0006317140814112,0.000808444882913,-0.0019690103428632,-4.173634937343351e-05
2018-11-30,-0.002263526762229,-0.0044244670850507,0.0023905934112964,0.001082829176854
2018-12-03,0.0024026110722723,0.0005301825893797,0.0049745957439897,0.022943333717377
2018-12-04,-0.0256095225124434,-0.0155282360333245,-0.0302543237006949,-0.0379413104802522
2018-12-06,0.00442748228736,-0.0013124886554689,-0.005372782573607,0.0076610599388711
2018-12-07,-0.0199016827440565,-0.0127300641979729,-0.0226979298551438,-0.0243722939609641
2018-12-10,-0.0098544076973087,-0.0047360484084024,-0.0077092398339994,-0.0021902187187777
2018-12-11,-0.0016859504789149,-0.003164470488567,0.0006114649837194,0.0012622273400104
2018-12-12,0.0091282270341945,0.008147170473933,0.0027976202136044,0.0174748711505312
2018-12-13,-0.0062307651959382,-0.0050560759316053,0.0004762474237971,-0.0043399902883565
2018-12-14,-0.0072692093792262,-0.0122729639509928,-0.0203671448409655,-0.0153906994337272
2018-12-17,-0.0201188241646949,-0.0098368115442153,-0.0167090989117152,-0.0316629521182371
2018-12-18,-0.0033660946396569,-0.0044343815977481,-0.0072732615419122,0.0036837331250978
2018-12-19,-0.0167309367183462,-0.0212540233184385,-0.0205588650290173,-0.0158813461227852
2018-12-20,-0.0166727841738456,-0.008347241605965,-0.0110451834771944,-0.0254631630485078
2018-12-21,-0.0227197100749791,-0.0209796016501527,-0.0225695934102605,-0.0288923796276929
2018-12-24,-0.0191523213920931,-0.0117859406525355,-0.0291652980587611,-0.0201809674156595
2018-12-26,0.0429768563804524,0.0293380607979272,0.0309580173435184,0.0599087310273631
2018-12-27,0.0041838009059091,-0.0074722799630529,0.0091486083793455,0.0048131978182308
2018-12-28,0.0011448153809039,0.0008628176998806,-0.0040193633134389,-0.0061780611089718
2018-12-31,0.007058977563392,0.005695022222804,-0.0040835962824744,0.0056957122904415
2019-01-02,0.0060265570236761,0.0154291015923719,0.0078807613260882,-0.001553516777374
2019-01-03,-0.0078478052216349,-0.0074032276951608,-0.0084777098658679,-0.0320529184271246
2019-01-04,0.0298814124929129,0.0270316593174648,0.0335603287038812,0.06134126134409
2019-01-07,0.0090514436476738,0.0144745267812234,0.0141110984066017,0.0171847665142084
2019-01-08,0.0107597646721613,0.0080501642804411,0.0015437655976402,0.0058514617001443
2019-01-09,0.0086295632848452,-0.0007997282666609,-0.0005343848097381,0.019787837643143
2019-01-10,0.0028692489560184,-0.0003879258000246,0.0074228341179058,0.0031629382921085
2019-01-11,0.0111897414753987,0.0042316286708059,0.0020507052383593,-0.0021518933589832
2019-01-14,-0.0019988128446727,-0.0051614678524238,0.0077976494653575,-0.0012533995979159
2019-01-15,0.006396735631367,0.0028514140568789,0.0128787781723755,0.021565906443915
2019-01-16,0.0044261315257243,0.0006457383903224,0.0056571463293939,0.0043541183977042
2019-01-17,0.003667272002737,0.0070933878587351,0.0061091071969605,0.0052103653909949
2019-01-18,0.0046053114000461,0.0053460249855075,0.0092846137605437,0.0139743031708845
2019-01-22,-0.0143712433290245,-0.0118298068382085,-0.0087738575336299,-0.0221356781076998
2019-01-23,-0.0005203754139753,6.265124082194262e-05,-0.0002397221466171,0.0018974144579568
2019-01-24,0.0059373588540037,0.0071461013538232,-0.0037479840022949,0.0121763659625839
2019-01-25,0.0128971868866092,0.0107215950661774,0.0074755951086999,0.0211899564471524
2019-01-28,-0.0007128949067674,-0.0038583158924014,0.0020473886062466,-0.0058072281741724
2019-01-29,-0.0047868516741415,-0.0076974449540248,-0.0003124906214998,-0.007686680253349
2019-01-30,0.0085190147115514,0.0105214767522106,0.0015556694592175,0.0272418839524779
2019-01-31,0.0288011821860609,0.0075981982750084,0.0188027967752142,0.0145842686367059
2019-02-01,0.0109114374292145,0.0060058299050373,-0.002555570237977,0.001809624234573
2019-02-04,-0.0005143054690184,-0.0003472787007241,0.0024415291404606,0.0125290049604087
2019-02-05,0.0056162075464269,0.0045967694021087,0.0069457125344509,0.0167914877731392
2019-02-06,-0.0009838758975978,-0.0015902697132279,-0.007604538189631,-0.0064897093046093
2019-02-07,-0.0053010091529127,-0.0092912459306544,-0.0081867482384032,-0.0234914321753019
2019-02-08,0.0028399047767952,0.0026680259899607,0.0022756778720598,0.0057388974311036
2019-02-11,-0.0009911486289631,0.0034654549080399,0.0001295546106294,0.0070716265725703
2019-02-12,0.0,0.0,0.0,0.0
2019-02-13,0.0,0.0,0.0,0.0
2019-02-14,0.0027954943833679,0.0019867286640418,-0.0043808104174145,-0.0039865452393594
2019-02-15,0.0064104233003106,0.0076844427956785,0.0103888697141523,0.0059639170283412
2019-02-19,0.0034368646335942,0.0008964918470641,0.0028771956232744,0.0052975586726915
2019-02-20,0.0036501173732585,-0.0016896330005933,0.0053686303894751,0.0038334742047798
2019-02-21,-0.0014008593550209,-0.0041797273707199,-0.0017169329136275,-0.0067599651842038
2019-02-22,0.001011140828744,0.0044473180738007,-0.1398196981720134,0.0220289117651999
2019-02-25,-0.0022423245671645,-0.0036394445398028,-0.0095251031911369,0.0053581741516559
2019-02-26,-0.0060302563971587,-0.0061176309943927,-0.0172941078089485,-0.0016173241015495
2019-02-27,-0.003738533217298,-0.0135656407070872,-0.0141700333897951,0.0075316965637108
2019-02-28,0.0011455431049771,0.0175731041888029,0.0153755874635495,-0.0053872497632129
2019-03-01,0.0052916726924574,0.0062267689187132,-0.0112704314485365,0.006593186283323
2019-03-04,-0.002872248232797,-0.0028613618563922,0.0086120228861739,-0.001126034188266
2019-03-05,-0.0030563220146764,-0.0061154864102958,-0.0048711874044358,0.0077950194536184
2019-03-06,-0.0083259478712186,-0.0103205312540451,-0.0079475860972803,0.00075296804667
2019-03-07,-0.007840795253366,0.0036315519341481,-0.0132101603336605,-0.0194711939821881
2019-03-08,0.0003500913185208,0.0034374090546103,0.0044372791725364,-0.0059964048862394
2019-03-11,0.0154351004120438,0.00500938569662,0.0053238559612043,0.0194010808626605
2019-03-12,-0.0001799257029322,0.003514302990168,-0.0020005876204217,0.0011993393695828
2019-03-13,0.0027236847314233,-0.0010744012605389,0.0100815801090368,0.001127038775087
2019-03-14,-0.0002754879698124,0.0019524459299524,-0.0065971954876713,-0.0082414904561944
2019-03-15,0.00326430603547,0.0039477996568277,0.0054487395714932,0.0050827245622213
2019-03-18,0.0066917499684509,-0.0002631076153069,-0.0002916984804578,0.0029914629303779
2019-03-19,0.0001538754771281,0.0020395396922836,0.0056084896060404,0.0115956414496489
2019-03-20,-0.0046827762522201,-0.0044723274338397,-0.0073986855225262,-0.0004035281172232
2019-03-21,0.0151086029924842,0.0047463526014475,0.0188979178445598,0.0133329842023199
2019-03-22,-0.0176639637912117,-0.0136979209611993,-0.0167448707964442,-0.0282296325335127
2019-03-25,-0.0033301506514745,-0.0004200196856739,0.0009715033589017,0.0107368000443632
2019-03-26,0.0043869217085481,0.0056409557864813,0.0091903168009344,0.0053780550315025
2019-03-27,-0.003993551773045,-0.0073213796555566,-0.0042777147802369,-0.0060405757320035
2019-03-28,0.0032161937982122,-0.0069631658270654,0.0059323339145405,0.0059636086523191
2019-03-29,0.0013922952681597,0.0030303527196513,-0.0012767212521989,0.0127832727301437
2019-04-01,0.0089995310297565,0.0100728538052095,0.0039724004712438,0.0131819821637131
2019-04-02,0.0001932298740443,-0.0056191342336254,-0.0066231290055648,0.0011518363982541
2019-04-03,0.0035616511590366,0.0013046178196129,0.0051931885435378,0.0032518127033676
2019-04-04,0.0012545590766466,0.0106296430930652,0.0084586544327323,-0.0080370173483372
2019-04-05,0.0068800391481385,0.0064838367872339,0.0093573856050068,0.0061275198925845
2019-04-08,0.0004827646618652,-0.0003101929491055,0.0001526648578775,0.000840616299681
2019-04-09,-0.0056574231438538,-0.0043961789537673,-0.0065362486699992,-0.0024973908033333
2019-04-10,0.0098076892113794,0.0083664423712861,0.0029117517582366,0.0052685577435904
2019-04-11,0.0034062554966591,-0.0039585692685667,-0.0006372765155165,-0.0004963796592171
2019-04-12,0.0056628347459499,-0.0011648506455798,0.004216964067625,0.0073156183493909
2019-04-15,-0.0014219750926581,-0.0011562929538363,0.0003979048388329,-0.010492326227703
2019-04-16,0.0026993935572026,0.0003881595491606,-0.0008309535029655,0.0008366994912856
2019-04-17,-0.0028967397718483,-0.0064671665067288,-0.004409485527313,0.003222156994481
2019-04-18,0.0014479147869519,0.0012218115295732,0.0005815485947355,0.0019160720186994
2019-04-22,-0.002585724177212,-0.0073326511418393,-0.0036402155916859,-0.0010877704874415
2019-04-23,0.0071673497893243,0.0034845955775555,0.0064717489700709,0.0132776094346616
2019-04-24,0.0022838880923825,0.0010086157594024,-0.0039998835351292,-0.0063858007454894
2019-04-25,-0.0002848755849448,-0.001290827653261,-0.0051531509062852,0.0048477753991063
2019-04-26,0.0081494508434714,0.0091616818438617,0.0123548632553531,0.0104338747221779
2019-04-29,0.0012543509660092,0.0027191666169623,0.0062506816535745,0.0052232649930097
2019-04-30,-0.0012945169183047,-0.0022114491914118,-0.0002592520641768,-0.0037019409280968
2019-05-01,-0.0058470514618311,-0.0013411907626488,-0.0079363125720195,-0.0078329969988536
